t,0,0.01,0.02,0.03,0.04,0.05,0.06,0.07,0.08,0.09,0.1,0.11,0.12,0.13,0.14,0.15,0.16,0.17,0.18,0.19,0.2,0.21,0.22,0.23,0.24,0.25,0.26,0.27,0.28,0.29,0.3,0.31,0.32,0.33,0.34,0.35,0.36,0.37,0.38,0.39,0.4,0.41,0.42,0.43,0.44,0.45,0.46,0.47,0.48,0.49,0.5,0.51,0.52,0.53,0.54,0.55,0.56,0.57,0.58,0.59,0.6,0.61,0.62,0.63,0.64,0.65,0.66,0.67,0.68,0.69,0.7,0.71,0.72,0.73,0.74,0.75,0.76,0.77,0.78,0.79,0.8,0.81,0.82,0.83,0.84,0.85,0.86,0.87,0.88,0.89,0.9,0.91,0.92,0.93,0.94,0.95,0.96,0.97,0.98,0.99,1
0,2.0000E-5,2.9281E-6,4.2743E-7,6.2190E-8,9.0150E-9,1.3013E-9,1.8695E-10,2.6710E-11,3.7914E-12,5.3409E-13,7.4548E-14,1.0289E-14,1.4002E-15,1.8713E-16,2.4409E-17,3.0769E-18,3.6835E-19,4.0409E-20,3.6990E-21,1.7924E-22,-3.28E-23,-1.44E-23,-3.66E-24,-7.87E-25,-1.56E-25,-2.93E-26,-5.34E-27,-9.51E-28,-1.66E-28,-2.87E-29,-4.89E-30,-8.26E-31,-1.38E-31,-2.31E-32,-3.82E-33,-6.31E-34,-1.04E-34,-1.70E-35,-2.77E-36,-4.50E-37,-7.30E-38,-1.18E-38,-1.91E-39,-3.08E-40,-4.95E-41,-7.95E-42,-1.28E-42,-2.04E-43,-3.27E-44,-5.22E-45,-8.33E-46,-1.33E-46,-2.11E-47,-3.36E-48,-5.34E-49,-8.48E-50,-1.35E-50,-2.13E-51,-3.38E-52,-5.36E-53,-8.48E-54,-1.34E-54,-2.12E-55,-3.35E-56,-5.28E-57,-8.34E-58,-1.32E-58,-2.07E-59,-3.27E-60,-5.15E-61,-8.10E-62,-1.28E-62,-2.01E-63,-3.16E-64,-4.96E-65,-7.80E-66,-1.23E-66,-1.92E-67,-3.02E-68,-4.74E-69,-7.44E-70,-1.17E-70,-1.83E-71,-2.87E-72,-4.50E-73,-7.06E-74,-1.11E-74,-1.73E-75,-2.71E-76,-4.25E-77,-6.65E-78,-1.04E-78,-1.63E-79,-2.55E-80,-3.99E-81,-6.24E-82,-9.75E-83,-1.52E-83,-2.39E-84,-3.82E-85,-1.16E-85
0.01,0.095164,0.077016,0.061409,0.048238,0.037337,0.028487,0.021436,0.015919,0.011676,0.0084642,0.0060698,0.0043089,0.0030303,0.0021126,0.001461,0.0010029,6.8370E-4,4.6312E-4,3.1184E-4,2.0882E-4,1.3912E-4,9.2247E-5,6.0894E-5,4.0031E-5,2.6214E-5,1.7104E-5,1.1122E-5,7.2095E-6,4.6593E-6,3.0027E-6,1.9300E-6,1.2374E-6,7.9153E-7,5.0518E-7,3.2174E-7,2.0451E-7,1.2974E-7,8.2163E-8,5.1944E-8,3.2786E-8,2.0662E-8,1.3002E-8,8.1703E-9,5.1273E-9,3.2135E-9,2.0115E-9,1.2577E-9,7.8546E-10,4.9001E-10,3.0538E-10,1.9012E-10,1.1826E-10,7.3485E-11,4.5624E-11,2.8302E-11,1.7542E-11,1.0864E-11,6.7231E-12,4.1574E-12,2.5690E-12,1.5864E-12,9.7895E-13,6.0371E-13,3.7206E-13,2.2916E-13,1.4106E-13,8.6782E-14,5.3359E-14,3.2790E-14,2.0140E-14,1.2364E-14,7.5860E-15,4.6524E-15,2.8519E-15,1.7474E-15,1.0702E-15,6.5513E-16,4.0088E-16,2.4520E-16,1.4992E-16,9.1628E-17,5.5979E-17,3.4187E-17,2.0871E-17,1.2737E-17,7.7701E-18,4.7386E-18,2.8888E-18,1.7606E-18,1.0726E-18,6.5331E-19,3.9780E-19,2.4216E-19,1.4739E-19,8.9735E-20,5.4700E-20,3.3486E-20,2.0770E-20,1.3378E-20,9.5054E-21,8.2806E-21
0.02,0.18127,0.15885,0.13823,0.11942,0.10241,0.087154,0.073592,0.061643,0.051212,0.042192,0.034468,0.027919,0.022423,0.017857,0.014103,0.011048,0.0085855,0.0066208,0.0050677,0.0038511,0.0029065,0.0021791,0.0016236,0.0012024,8.8542E-4,6.4849E-4,4.7253E-4,3.4265E-4,2.4733E-4,1.7776E-4,1.2723E-4,9.0721E-5,6.4453E-5,4.5635E-5,3.2208E-5,2.2664E-5,1.5903E-5,1.1130E-5,7.7701E-6,5.4122E-6,3.7618E-6,2.6096E-6,1.8069E-6,1.2490E-6,8.6205E-7,5.9411E-7,4.0891E-7,2.8110E-7,1.9302E-7,1.3241E-7,9.0752E-8,6.2148E-8,4.2528E-8,2.9083E-8,1.9878E-8,1.3579E-8,9.2718E-9,6.3286E-9,4.3182E-9,2.9456E-9,2.0089E-9,1.3698E-9,9.3388E-10,6.3662E-10,4.3395E-10,2.9578E-10,2.0161E-10,1.3741E-10,9.3664E-11,6.3845E-11,4.3522E-11,2.9670E-11,2.0228E-11,1.3793E-11,9.4053E-12,6.4142E-12,4.3747E-12,2.9841E-12,2.0357E-12,1.3889E-12,9.4773E-13,6.4675E-13,4.4140E-13,3.0129E-13,2.0567E-13,1.4041E-13,9.5869E-14,6.5463E-14,4.4705E-14,3.0533E-14,2.0856E-14,1.4249E-14,9.7381E-15,6.6600E-15,4.5620E-15,3.1361E-15,2.1738E-15,1.5354E-15,1.1301E-15,9.0307E-16,8.2861E-16
0.03,0.25918,0.23497,0.21205,0.19046,0.17025,0.15143,0.13401,0.11797,0.1033,0.089955,0.077893,0.067059,0.057393,0.048828,0.041291,0.034706,0.028995,0.024078,0.019875,0.016309,0.013305,0.010792,0.0087058,0.0069845,0.0055741,0.0044258,0.0034967,0.0027494,0.0021519,0.0016768,0.001301,0.0010052,7.7367E-4,5.9319E-4,4.5315E-4,3.4497E-4,2.6173E-4,1.9794E-4,1.4924E-4,1.1218E-4,8.4092E-5,6.2864E-5,4.6872E-5,3.4861E-5,2.5866E-5,1.9148E-5,1.4143E-5,1.0425E-5,7.6683E-6,5.6298E-6,4.1254E-6,3.0177E-6,2.2036E-6,1.6064E-6,1.1692E-6,8.4974E-7,6.1664E-7,4.4685E-7,3.2337E-7,2.3371E-7,1.6869E-7,1.2162E-7,8.7577E-8,6.2993E-8,4.5261E-8,3.2487E-8,2.3294E-8,1.6687E-8,1.1942E-8,8.5389E-9,6.1001E-9,4.3542E-9,3.1055E-9,2.2131E-9,1.5759E-9,1.1214E-9,7.9739E-10,5.6661E-10,4.0235E-10,2.8552E-10,2.0249E-10,1.4351E-10,1.0166E-10,7.1966E-11,5.0919E-11,3.6008E-11,2.5450E-11,1.7979E-11,1.2695E-11,8.9595E-12,6.3209E-12,4.4582E-12,3.1441E-12,2.2183E-12,1.5674E-12,1.1117E-12,7.9542E-13,5.8030E-13,4.4082E-13,3.6148E-13,3.3524E-13
0.04,0.32968,0.30486,0.28094,0.258,0.23608,0.21523,0.1955,0.1769,0.15945,0.14315,0.128,0.11399,0.10108,0.089258,0.078473,0.068688,0.059854,0.05192,0.044831,0.038532,0.032964,0.028069,0.023791,0.020071,0.016854,0.014089,0.011724,0.009712,0.0080102,0.0065781,0.0053792,0.0043805,0.0035527,0.00287,0.0023095,0.0018514,0.0014787,0.0011769,9.3339E-4,7.3778E-4,5.8125E-4,4.5648E-4,3.5738E-4,2.7896E-4,2.1712E-4,1.6851E-4,1.3043E-4,1.0068E-4,7.7525E-5,5.9545E-5,4.5625E-5,3.4877E-5,2.6602E-5,2.0245E-5,1.5375E-5,1.1652E-5,8.8131E-6,6.6530E-6,5.0129E-6,3.7703E-6,2.8307E-6,2.1216E-6,1.5875E-6,1.1860E-6,8.8459E-7,6.5880E-7,4.8992E-7,3.6381E-7,2.6979E-7,1.9979E-7,1.4776E-7,1.0914E-7,8.0515E-8,5.9326E-8,4.3661E-8,3.2096E-8,2.3568E-8,1.7287E-8,1.2667E-8,9.2718E-9,6.7799E-9,4.9530E-9,3.6148E-9,2.6358E-9,1.9202E-9,1.3976E-9,1.0164E-9,7.3856E-10,5.3624E-10,3.8906E-10,2.8208E-10,2.0441E-10,1.4809E-10,1.0733E-10,7.7907E-11,5.6784E-11,4.1779E-11,3.1356E-11,2.4479E-11,2.0518E-11,1.9200E-11
0.05,0.39347,0.36876,0.34466,0.32123,0.29855,0.27667,0.25564,0.2355,0.21628,0.19802,0.18073,0.16442,0.1491,0.13477,0.12141,0.10901,0.097539,0.086976,0.077286,0.068431,0.060372,0.053066,0.046472,0.040544,0.035237,0.030507,0.026311,0.022603,0.019342,0.016488,0.014,0.011842,0.0099789,0.0083771,0.0070063,0.0058384,0.0048478,0.0040112,0.0033075,0.0027181,0.0022265,0.001818,0.0014798,0.0012009,9.7176E-4,7.8411E-4,6.3096E-4,5.0638E-4,4.0537E-4,3.2370E-4,2.5787E-4,2.0495E-4,1.6254E-4,1.2863E-4,1.0158E-4,8.0064E-5,6.2986E-5,4.9460E-5,3.8771E-5,3.0342E-5,2.3706E-5,1.8494E-5,1.4406E-5,1.1206E-5,8.7051E-6,6.7536E-6,5.2331E-6,4.0501E-6,3.1311E-6,2.4180E-6,1.8654E-6,1.4377E-6,1.1070E-6,8.5165E-7,6.5465E-7,5.0281E-7,3.8590E-7,2.9596E-7,2.2683E-7,1.7374E-7,1.3299E-7,1.0174E-7,7.7789E-8,5.9448E-8,4.5409E-8,3.4670E-8,2.6460E-8,2.0187E-8,1.5396E-8,1.1739E-8,8.9507E-9,6.8256E-9,5.2084E-9,3.9802E-9,3.0511E-9,2.3531E-9,1.8358E-9,1.4626E-9,1.2086E-9,1.0590E-9,1.0086E-9
0.06,0.45119,0.42703,0.40325,0.37992,0.3571,0.33485,0.31322,0.29227,0.27204,0.25257,0.23389,0.21603,0.19901,0.18284,0.16754,0.1531,0.13952,0.12679,0.11489,0.10381,0.093524,0.084002,0.075219,0.067145,0.059748,0.052995,0.046852,0.041286,0.036261,0.031742,0.027694,0.024082,0.020872,0.018031,0.015527,0.013327,0.011403,0.0097268,0.0082716,0.0070132,0.0059288,0.0049979,0.0042015,0.0035224,0.0029453,0.0024564,0.0020436,0.001696,0.0014043,0.0011601,9.5626E-4,7.8655E-4,6.4563E-4,5.2889E-4,4.3243E-4,3.5290E-4,2.8747E-4,2.3377E-4,1.8978E-4,1.5381E-4,1.2447E-4,1.0057E-4,8.1137E-5,6.5367E-5,5.2591E-5,4.2255E-5,3.3907E-5,2.7175E-5,2.1753E-5,1.7393E-5,1.3891E-5,1.1083E-5,8.8327E-6,7.0324E-6,5.5935E-6,4.4448E-6,3.5289E-6,2.7991E-6,2.2184E-6,1.7568E-6,1.3900E-6,1.0990E-6,8.6828E-7,6.8549E-7,5.4081E-7,4.2638E-7,3.3595E-7,2.6455E-7,2.0822E-7,1.6382E-7,1.2886E-7,1.0137E-7,7.9802E-8,6.2929E-8,4.9795E-8,3.9661E-8,3.1965E-8,2.6295E-8,2.2369E-8,2.0029E-8,1.9236E-8
0.07,0.50341,0.48008,0.45696,0.43411,0.41158,0.38944,0.36773,0.34651,0.32582,0.30572,0.28623,0.26739,0.24923,0.23179,0.21506,0.19909,0.18386,0.1694,0.1557,0.14275,0.13056,0.11911,0.10838,0.098371,0.089049,0.080396,0.072389,0.065003,0.058211,0.051985,0.046295,0.041114,0.036411,0.032155,0.028318,0.024869,0.02178,0.019022,0.016568,0.014392,0.012468,0.010773,0.0092841,0.0079805,0.0068426,0.0058525,0.0049935,0.0042504,0.0036094,0.0030581,0.0025852,0.0021806,0.0018354,0.0015417,0.0012923,0.001081,9.0259E-4,7.5216E-4,6.2565E-4,5.1947E-4,4.3056E-4,3.5625E-4,2.9427E-4,2.4268E-4,1.9982E-4,1.6428E-4,1.3485E-4,1.1053E-4,9.0471E-5,7.3948E-5,6.0361E-5,4.9206E-5,4.0061E-5,3.2574E-5,2.6455E-5,2.1460E-5,1.7388E-5,1.4072E-5,1.1377E-5,9.1877E-6,7.4122E-6,5.9738E-6,4.8098E-6,3.8689E-6,3.1093E-6,2.4965E-6,2.0029E-6,1.6056E-6,1.2862E-6,1.0298E-6,8.2422E-7,6.5971E-7,5.2838E-7,4.2394E-7,3.4137E-7,2.7673E-7,2.2699E-7,1.8993E-7,1.6404E-7,1.4851E-7,1.4323E-7
0.08,0.55067,0.52833,0.50606,0.48392,0.46195,0.44022,0.41876,0.39764,0.37689,0.35656,0.3367,0.31733,0.2985,0.28024,0.26258,0.24553,0.22912,0.21337,0.19829,0.18388,0.17016,0.15712,0.14476,0.13308,0.12207,0.11172,0.10202,0.092941,0.084476,0.076602,0.069299,0.062542,0.05631,0.050576,0.045317,0.040506,0.036118,0.032126,0.028507,0.025233,0.022281,0.019627,0.017248,0.01512,0.013224,0.011538,0.010044,0.008723,0.0075585,0.0065348,0.0056371,0.0048521,0.0041675,0.0035718,0.0030549,0.0026074,0.002221,0.0018882,0.0016021,0.0013567,0.0011468,9.6760E-4,8.1494E-4,6.8516E-4,5.7505E-4,4.8183E-4,4.0306E-4,3.3663E-4,2.8070E-4,2.3370E-4,1.9428E-4,1.6127E-4,1.3368E-4,1.1065E-4,9.1464E-5,7.5503E-5,6.2245E-5,5.1250E-5,4.2144E-5,3.4613E-5,2.8395E-5,2.3266E-5,1.9042E-5,1.5568E-5,1.2714E-5,1.0372E-5,8.4538E-6,6.8839E-6,5.6011E-6,4.5543E-6,3.7018E-6,3.0089E-6,2.4474E-6,1.9944E-6,1.6314E-6,1.3435E-6,1.1196E-6,9.5108E-7,8.3247E-7,7.6094E-7,7.3656E-7
0.09,0.59343,0.57217,0.55087,0.52959,0.50836,0.48723,0.46626,0.44549,0.42497,0.40473,0.38482,0.36528,0.34614,0.32744,0.30922,0.29149,0.27429,0.25764,0.24156,0.22607,0.21117,0.19689,0.18322,0.17017,0.15774,0.14594,0.13475,0.12417,0.11419,0.1048,0.095983,0.087726,0.080013,0.072825,0.066142,0.059945,0.054212,0.048922,0.044053,0.039583,0.035489,0.031749,0.028342,0.025245,0.022437,0.019899,0.01761,0.01555,0.013702,0.012048,0.010571,0.0092558,0.0080873,0.0070518,0.0061363,0.0053289,0.0046185,0.003995,0.0034489,0.0029718,0.0025558,0.002194,0.0018799,0.0016079,0.0013728,0.0011701,9.9554E-4,8.4562E-4,7.1709E-4,6.0711E-4,5.1317E-4,4.3309E-4,3.6495E-4,3.0706E-4,2.5797E-4,2.1642E-4,1.8130E-4,1.5167E-4,1.2671E-4,1.0571E-4,8.8078E-5,7.3293E-5,6.0913E-5,5.0563E-5,4.1922E-5,3.4718E-5,2.8721E-5,2.3737E-5,1.9600E-5,1.6173E-5,1.3339E-5,1.1003E-5,9.0829E-6,7.5127E-6,6.2381E-6,5.2158E-6,4.4119E-6,3.8018E-6,3.3693E-6,3.1072E-6,3.0177E-6
0.1,0.63211,0.61198,0.59173,0.5714,0.55103,0.53066,0.51035,0.49013,0.47004,0.45012,0.43042,0.41097,0.39182,0.37298,0.35451,0.33642,0.31876,0.30154,0.28479,0.26853,0.25278,0.23755,0.22287,0.20873,0.19516,0.18215,0.16971,0.15783,0.14653,0.13579,0.12561,0.11597,0.10688,0.098317,0.09027,0.082724,0.075665,0.069074,0.062936,0.057233,0.051944,0.047052,0.042537,0.038379,0.034559,0.031058,0.027857,0.024936,0.022278,0.019863,0.017676,0.0157,0.013917,0.012313,0.010873,0.009584,0.0084319,0.0074046,0.0064907,0.0056794,0.0049609,0.0043257,0.0037655,0.0032724,0.0028392,0.0024594,0.002127,0.0018368,0.0015838,0.0013637,0.0011725,0.0010067,8.6316E-4,7.3914E-4,6.3214E-4,5.3996E-4,4.6068E-4,3.9259E-4,3.3419E-4,2.8418E-4,2.4140E-4,2.0486E-4,1.7369E-4,1.4713E-4,1.2454E-4,1.0533E-4,8.9030E-5,7.5212E-5,6.3516E-5,5.3633E-5,4.5300E-5,3.8292E-5,3.2422E-5,2.7531E-5,2.3490E-5,2.0195E-5,1.7566E-5,1.5545E-5,1.4099E-5,1.3216E-5,1.2913E-5
0.11,0.66712,0.64813,0.62896,0.60965,0.59022,0.57072,0.55118,0.53165,0.51216,0.49275,0.47345,0.45431,0.43536,0.41663,0.39816,0.37997,0.3621,0.34458,0.32743,0.31068,0.29434,0.27845,0.26301,0.24805,0.23358,0.2196,0.20614,0.19318,0.18076,0.16885,0.15747,0.14661,0.13627,0.12645,0.11714,0.10832,0.099996,0.092151,0.084773,0.077848,0.071362,0.065301,0.059647,0.054386,0.0495,0.044973,0.040786,0.036923,0.033366,0.030098,0.027103,0.024362,0.021861,0.019582,0.017511,0.015632,0.013932,0.012396,0.011011,0.0097652,0.0086467,0.0076444,0.006748,0.0059478,0.0052348,0.0046006,0.0040376,0.0035386,0.0030971,0.0027071,0.0023632,0.0020604,0.0017942,0.0015606,0.0013558,0.0011766,0.00102,8.8324E-4,7.6407E-4,6.6033E-4,5.7013E-4,4.9181E-4,4.2387E-4,3.6503E-4,3.1411E-4,2.7012E-4,2.3214E-4,1.9942E-4,1.7126E-4,1.4708E-4,1.2636E-4,1.0866E-4,9.3617E-5,8.0900E-5,7.0252E-5,6.1464E-5,5.4376E-5,4.8879E-5,4.4916E-5,4.2486E-5,4.1651E-5
0.12,0.69879,0.68095,0.66287,0.64459,0.62615,0.60757,0.58888,0.57014,0.55135,0.53257,0.51383,0.49515,0.47657,0.45813,0.43985,0.42177,0.40391,0.38631,0.36899,0.35198,0.3353,0.31898,0.30303,0.28748,0.27234,0.25763,0.24337,0.22956,0.21621,0.20334,0.19094,0.17903,0.16761,0.15667,0.14622,0.13626,0.12677,0.11776,0.10921,0.10112,0.093478,0.086274,0.079496,0.073131,0.067166,0.061586,0.056378,0.051527,0.047016,0.04283,0.038955,0.035373,0.032069,0.029028,0.026234,0.023672,0.021328,0.019186,0.017234,0.015457,0.013844,0.012381,0.011057,0.0098603,0.0087816,0.0078103,0.0069373,0.006154,0.0054522,0.0048245,0.0042639,0.0037639,0.0033188,0.002923,0.0025715,0.0022599,0.001984,0.00174,0.0015245,0.0013345,0.001167,0.0010197,8.9020E-4,7.7654E-4,6.7691E-4,5.8967E-4,5.1341E-4,4.4682E-4,3.8880E-4,3.3834E-4,2.9458E-4,2.5676E-4,2.2424E-4,1.9645E-4,1.7296E-4,1.5339E-4,1.3748E-4,1.2507E-4,1.1607E-4,1.1053E-4,1.0863E-4
0.13,0.72746,0.71072,0.69372,0.67648,0.65902,0.64139,0.62359,0.60568,0.58767,0.56959,0.55149,0.53337,0.51529,0.49727,0.47933,0.46151,0.44384,0.42634,0.40904,0.39197,0.37515,0.35861,0.34236,0.32644,0.31086,0.29563,0.28078,0.26633,0.25228,0.23864,0.22543,0.21266,0.20033,0.18846,0.17703,0.16606,0.15554,0.14548,0.13587,0.12671,0.11799,0.10971,0.10186,0.094432,0.087413,0.080793,0.074563,0.068711,0.063223,0.058086,0.053287,0.048811,0.044646,0.040776,0.037187,0.033864,0.030794,0.027962,0.025355,0.022959,0.02076,0.018747,0.016905,0.015225,0.013693,0.012299,0.011034,0.0098857,0.0088463,0.0079066,0.0070582,0.0062936,0.0056053,0.0049867,0.0044314,0.0039338,0.0034883,0.0030901,0.0027347,0.0024177,0.0021355,0.0018845,0.0016615,0.0014638,0.0012886,0.0011336,9.9668E-4,8.7596E-4,7.6971E-4,6.7641E-4,5.9474E-4,5.2352E-4,4.6174E-4,4.0855E-4,3.6323E-4,3.2524E-4,2.9418E-4,2.6981E-4,2.5209E-4,2.4116E-4,2.3739E-4
0.14,0.75339,0.73773,0.72178,0.70555,0.68908,0.67239,0.65551,0.63845,0.62125,0.60393,0.58652,0.56906,0.55156,0.53405,0.51656,0.49913,0.48177,0.46452,0.44739,0.43042,0.41363,0.39705,0.38069,0.36458,0.34874,0.3332,0.31796,0.30305,0.28849,0.27428,0.26045,0.247,0.23394,0.22129,0.20905,0.19723,0.18583,0.17486,0.16431,0.15419,0.1445,0.13524,0.12639,0.11796,0.10994,0.10232,0.095099,0.088265,0.081807,0.075716,0.069982,0.064591,0.059534,0.054796,0.050367,0.046231,0.042378,0.038793,0.035464,0.032377,0.02952,0.02688,0.024444,0.0222,0.020137,0.018243,0.016506,0.014917,0.013464,0.012138,0.01093,0.0098315,0.008833,0.0079271,0.0071064,0.0063638,0.0056929,0.0050875,0.0045419,0.0040509,0.0036096,0.0032135,0.0028583,0.0025404,0.0022561,0.0020024,0.0017762,0.001575,0.0013964,0.0012383,0.0010987,9.7599E-4,8.6877E-4,7.7580E-4,6.9609E-4,6.2888E-4,5.7365E-4,5.3016E-4,4.9842E-4,4.7880E-4,4.7203E-4
0.15,0.77686,0.76223,0.74729,0.73206,0.71655,0.7008,0.68482,0.66864,0.65227,0.63574,0.61908,0.60231,0.58545,0.56853,0.55158,0.53463,0.51768,0.50078,0.48395,0.46721,0.45059,0.4341,0.41778,0.40164,0.38571,0.37,0.35455,0.33935,0.32445,0.30984,0.29555,0.28159,0.26797,0.25471,0.24182,0.2293,0.21716,0.20541,0.19406,0.18311,0.17256,0.16241,0.15267,0.14332,0.13438,0.12583,0.11768,0.10991,0.10252,0.095503,0.088852,0.082556,0.076608,0.070995,0.065709,0.060738,0.056071,0.051697,0.047603,0.043778,0.040209,0.036885,0.033794,0.030924,0.028263,0.0258,0.023523,0.021422,0.019485,0.017703,0.016066,0.014564,0.013187,0.011928,0.010777,0.0097266,0.0087696,0.0078987,0.0071072,0.0063888,0.0057375,0.005148,0.0046151,0.0041339,0.0037002,0.0033099,0.0029592,0.0026447,0.0023634,0.0021123,0.0018892,0.0016917,0.0015179,0.0013663,0.0012356,0.0011249,0.0010335,9.6121E-4,9.0835E-4,8.7561E-4,8.6430E-4
0.16,0.79809,0.78445,0.77048,0.7562,0.74164,0.7268,0.71172,0.6964,0.68086,0.66514,0.64924,0.63319,0.61702,0.60074,0.58439,0.56797,0.55153,0.53507,0.51862,0.50221,0.48586,0.46959,0.45343,0.43739,0.4215,0.40578,0.39025,0.37493,0.35983,0.34498,0.33039,0.31607,0.30205,0.28833,0.27493,0.26187,0.24914,0.23676,0.22474,0.21309,0.2018,0.19089,0.18036,0.1702,0.16043,0.15104,0.14203,0.13339,0.12513,0.11724,0.10971,0.10254,0.09572,0.089247,0.08311,0.077301,0.07181,0.066629,0.061746,0.057152,0.052837,0.048789,0.044997,0.041451,0.03814,0.035052,0.032177,0.029503,0.027021,0.02472,0.02259,0.02062,0.018802,0.017125,0.015582,0.014162,0.012859,0.011664,0.010569,0.0095682,0.0086539,0.0078199,0.0070603,0.0063694,0.005742,0.0051731,0.0046583,0.0041934,0.0037746,0.0033984,0.0030618,0.0027621,0.0024968,0.0022642,0.0020626,0.001891,0.0017488,0.0016361,0.0015534,0.0015021,0.0014844
0.17,0.8173,0.80459,0.79155,0.77819,0.76454,0.75059,0.73638,0.72191,0.70721,0.69229,0.67717,0.66187,0.64641,0.63081,0.61508,0.59926,0.58337,0.56742,0.55143,0.53543,0.51944,0.50349,0.48758,0.47175,0.45602,0.4404,0.42491,0.40958,0.39442,0.37945,0.36469,0.35016,0.33587,0.32183,0.30807,0.29459,0.28141,0.26853,0.25597,0.24374,0.23184,0.22028,0.20907,0.19821,0.18771,0.17757,0.16779,0.15837,0.1493,0.1406,0.13226,0.12426,0.11662,0.10932,0.10236,0.095738,0.089438,0.083457,0.077787,0.072419,0.067344,0.062554,0.058038,0.053787,0.049792,0.046042,0.042527,0.039236,0.036161,0.03329,0.030613,0.028122,0.025806,0.023656,0.021663,0.019817,0.01811,0.016534,0.01508,0.013741,0.012509,0.011378,0.010341,0.0093905,0.0085216,0.0077286,0.007006,0.0063493,0.0057538,0.0052157,0.0047313,0.0042974,0.0039114,0.0035712,0.003275,0.0030219,0.0028115,0.0026442,0.0025213,0.0024449,0.0024184
0.18,0.83469,0.82286,0.8107,0.79822,0.78543,0.77234,0.75898,0.74535,0.73146,0.71733,0.70299,0.68844,0.6737,0.65879,0.64373,0.62853,0.61323,0.59783,0.58236,0.56683,0.55127,0.5357,0.52014,0.5046,0.48911,0.47368,0.45835,0.44311,0.42801,0.41304,0.39823,0.3836,0.36917,0.35494,0.34094,0.32717,0.31366,0.30041,0.28744,0.27475,0.26236,0.25027,0.2385,0.22705,0.21593,0.20514,0.19468,0.18457,0.17479,0.16536,0.15627,0.14752,0.13911,0.13104,0.1233,0.11589,0.10882,0.10206,0.095617,0.089484,0.083654,0.078119,0.072871,0.067903,0.063204,0.058768,0.054584,0.050645,0.046939,0.043459,0.040195,0.037137,0.034276,0.031604,0.02911,0.026786,0.024624,0.022614,0.020748,0.019019,0.017418,0.015939,0.014573,0.013314,0.012156,0.011092,0.010117,0.0092257,0.0084128,0.007674,0.0070053,0.0064034,0.0058654,0.0053889,0.0049726,0.0046155,0.0043177,0.0040803,0.0039055,0.0037967,0.003759
0.19,0.85042,0.83942,0.82809,0.81644,0.80448,0.79223,0.77968,0.76685,0.75376,0.74042,0.72684,0.71304,0.69902,0.68481,0.67043,0.65589,0.6412,0.62639,0.61147,0.59646,0.58139,0.56626,0.5511,0.53592,0.52075,0.5056,0.4905,0.47545,0.46049,0.44562,0.43087,0.41624,0.40177,0.38745,0.37332,0.35938,0.34565,0.33214,0.31887,0.30584,0.29307,0.28057,0.26835,0.25641,0.24477,0.23343,0.2224,0.21168,0.20128,0.1912,0.18144,0.172,0.1629,0.15411,0.14566,0.13753,0.12971,0.12222,0.11504,0.10817,0.10161,0.095345,0.089375,0.083693,0.078291,0.073163,0.068301,0.063697,0.059342,0.055229,0.051349,0.047694,0.044255,0.041024,0.037991,0.035148,0.032487,0.029999,0.027676,0.02551,0.023494,0.021619,0.019878,0.018264,0.01677,0.015391,0.014119,0.01295,0.011879,0.0109,0.010009,0.0092037,0.0084807,0.0078378,0.0072739,0.0067886,0.0063828,0.0060586,0.0058194,0.0056705,0.0056188
0.2,0.86467,0.85444,0.8439,0.83304,0.82187,0.8104,0.79864,0.78659,0.77427,0.76169,0.74885,0.73578,0.72249,0.70898,0.69527,0.68139,0.66733,0.65313,0.63879,0.62433,0.60977,0.59512,0.58041,0.56565,0.55086,0.53605,0.52124,0.50646,0.49171,0.47702,0.46241,0.44788,0.43346,0.41915,0.40499,0.39098,0.37713,0.36347,0.35,0.33674,0.3237,0.31089,0.29832,0.28601,0.27395,0.26217,0.25066,0.23944,0.2285,0.21787,0.20753,0.1975,0.18777,0.17835,0.16925,0.16045,0.15196,0.14379,0.13592,0.12835,0.12109,0.11413,0.10746,0.10109,0.094996,0.089184,0.083646,0.078374,0.073363,0.068606,0.064095,0.059822,0.055781,0.051963,0.04836,0.044965,0.04177,0.038766,0.035946,0.033302,0.030827,0.028513,0.026353,0.02434,0.022467,0.020729,0.019117,0.017629,0.016257,0.014998,0.013848,0.012804,0.011862,0.011022,0.010282,0.0096438,0.0091086,0.0086802,0.0083636,0.0081662,0.0080978
0.21,0.87754,0.86806,0.85826,0.84814,0.83772,0.827,0.81599,0.80469,0.79311,0.78126,0.76916,0.7568,0.74421,0.7314,0.71837,0.70514,0.69173,0.67814,0.66439,0.65051,0.63649,0.62236,0.60813,0.59383,0.57946,0.56504,0.55059,0.53613,0.52166,0.50722,0.49281,0.47845,0.46416,0.44995,0.43584,0.42185,0.40798,0.39425,0.38068,0.36728,0.35407,0.34104,0.32822,0.31562,0.30325,0.29112,0.27923,0.26759,0.25622,0.24511,0.23428,0.22373,0.21347,0.20349,0.1938,0.18441,0.17532,0.16652,0.15801,0.1498,0.14189,0.13427,0.12694,0.1199,0.11315,0.10667,0.10048,0.094551,0.088891,0.083492,0.078348,0.073453,0.0688,0.064382,0.060193,0.056226,0.052474,0.048929,0.045584,0.042432,0.039467,0.036681,0.034067,0.031619,0.02933,0.027194,0.025206,0.023361,0.021653,0.020079,0.018635,0.017318,0.016127,0.01506,0.014118,0.013303,0.012618,0.012069,0.011662,0.011409,0.011321
0.22,0.8892,0.8804,0.87129,0.86188,0.85217,0.84216,0.83186,0.82127,0.81041,0.79927,0.78787,0.77622,0.76431,0.75218,0.73982,0.72724,0.71447,0.7015,0.68836,0.67505,0.66159,0.648,0.63429,0.62046,0.60655,0.59256,0.57851,0.56441,0.55029,0.53614,0.522,0.50788,0.49379,0.47974,0.46576,0.45185,0.43804,0.42433,0.41074,0.39729,0.38398,0.37083,0.35785,0.34506,0.33246,0.32006,0.30788,0.29592,0.28419,0.27271,0.26147,0.25049,0.23976,0.2293,0.21912,0.2092,0.19956,0.19021,0.18113,0.17234,0.16383,0.1556,0.14766,0.14,0.13262,0.12551,0.11868,0.11212,0.10584,0.09981,0.094043,0.088531,0.083269,0.07825,0.073469,0.068921,0.064598,0.060496,0.056608,0.052927,0.049448,0.046163,0.043068,0.040156,0.03742,0.034857,0.032461,0.030227,0.028151,0.026229,0.02446,0.022841,0.021371,0.020051,0.018882,0.017869,0.017015,0.016329,0.015821,0.015503,0.015393
0.23,0.89974,0.89159,0.88313,0.87438,0.86534,0.856,0.84638,0.83647,0.82628,0.81583,0.8051,0.79412,0.78289,0.77142,0.75971,0.74778,0.73564,0.72329,0.71075,0.69803,0.68515,0.6721,0.65892,0.6456,0.63218,0.61864,0.60503,0.59133,0.57758,0.56379,0.54997,0.53613,0.52229,0.50847,0.49467,0.48092,0.46723,0.45361,0.44008,0.42664,0.41332,0.40013,0.38707,0.37416,0.36141,0.34884,0.33645,0.32425,0.31225,0.30046,0.2889,0.27756,0.26646,0.25559,0.24498,0.23461,0.2245,0.21465,0.20507,0.19575,0.1867,0.17792,0.16942,0.16118,0.15322,0.14552,0.1381,0.13094,0.12405,0.11742,0.11105,0.10494,0.099083,0.093471,0.088104,0.082977,0.078083,0.07342,0.06898,0.06476,0.060753,0.056956,0.053361,0.049965,0.046763,0.043749,0.040921,0.038274,0.035805,0.033512,0.031393,0.029447,0.027675,0.02608,0.024664,0.023433,0.022395,0.021559,0.020939,0.020551,0.020417
0.24,0.90928,0.90172,0.89388,0.88575,0.87733,0.86863,0.85965,0.85038,0.84085,0.83104,0.82097,0.81064,0.80005,0.78922,0.77815,0.76685,0.75533,0.74359,0.73166,0.71952,0.70721,0.69473,0.68208,0.66929,0.65636,0.64331,0.63015,0.61689,0.60355,0.59014,0.57668,0.56317,0.54963,0.53608,0.52253,0.50899,0.49548,0.48201,0.46859,0.45524,0.44198,0.4288,0.41573,0.40279,0.38997,0.37729,0.36476,0.3524,0.34021,0.3282,0.31638,0.30476,0.29335,0.28216,0.27119,0.26044,0.24994,0.23967,0.22964,0.21986,0.21034,0.20107,0.19205,0.18329,0.1748,0.16656,0.15858,0.15087,0.14341,0.13622,0.12927,0.12259,0.11615,0.10997,0.10403,0.098334,0.092878,0.087657,0.082668,0.077907,0.07337,0.069052,0.064949,0.061058,0.057375,0.053896,0.050619,0.047542,0.044661,0.041977,0.039488,0.037197,0.035105,0.033216,0.031536,0.030072,0.028835,0.027839,0.027098,0.026636,0.026475
0.25,0.91791,0.91092,0.90364,0.89609,0.88826,0.88016,0.87178,0.86313,0.8542,0.84501,0.83556,0.82585,0.81589,0.80568,0.79522,0.78453,0.77362,0.76248,0.75113,0.73958,0.72783,0.7159,0.7038,0.69154,0.67912,0.66656,0.65388,0.64107,0.62817,0.61517,0.60209,0.58894,0.57574,0.56251,0.54924,0.53596,0.52268,0.50942,0.49617,0.48297,0.46982,0.45673,0.44372,0.4308,0.41798,0.40527,0.39268,0.38023,0.36792,0.35576,0.34377,0.33195,0.32031,0.30886,0.29761,0.28656,0.27572,0.2651,0.2547,0.24453,0.23459,0.22489,0.21543,0.20621,0.19723,0.18851,0.18003,0.1718,0.16382,0.15609,0.14861,0.14138,0.1344,0.12766,0.12117,0.11493,0.10892,0.10316,0.097625,0.092328,0.087261,0.082422,0.077808,0.073416,0.069245,0.065292,0.061555,0.058034,0.054729,0.051639,0.048767,0.046115,0.043687,0.041491,0.039533,0.037824,0.036378,0.035212,0.034345,0.033802,0.033613
0.26,0.92573,0.91925,0.91251,0.9055,0.89822,0.89068,0.88287,0.87479,0.86645,0.85784,0.84898,0.83986,0.83049,0.82087,0.81101,0.80091,0.79058,0.78003,0.76925,0.75827,0.74709,0.73571,0.72415,0.71241,0.70051,0.68845,0.67625,0.66392,0.65146,0.63889,0.62622,0.61347,0.60064,0.58775,0.5748,0.56182,0.54882,0.5358,0.52278,0.50978,0.49679,0.48385,0.47095,0.45812,0.44536,0.43268,0.42009,0.40762,0.39526,0.38302,0.37092,0.35897,0.34717,0.33554,0.32408,0.31279,0.30169,0.29079,0.28009,0.26959,0.2593,0.24923,0.23938,0.22976,0.22036,0.21119,0.20226,0.19357,0.18511,0.17689,0.16891,0.16118,0.15368,0.14643,0.13942,0.13265,0.12611,0.11982,0.11376,0.10794,0.10236,0.097007,0.091887,0.086998,0.08234,0.077911,0.073712,0.069744,0.066008,0.062507,0.059244,0.056223,0.053452,0.05094,0.048696,0.046735,0.045073,0.043731,0.042732,0.042107,0.041889
0.27,0.9328,0.9268,0.92056,0.91405,0.90729,0.90027,0.89299,0.88546,0.87766,0.86961,0.86131,0.85275,0.84395,0.8349,0.8256,0.81607,0.80631,0.79632,0.7861,0.77568,0.76504,0.75421,0.74318,0.73197,0.72058,0.70902,0.69731,0.68545,0.67346,0.66134,0.6491,0.63675,0.62432,0.6118,0.59921,0.58656,0.57387,0.56114,0.54838,0.53562,0.52285,0.5101,0.49737,0.48468,0.47203,0.45944,0.44692,0.43448,0.42213,0.40988,0.39774,0.38572,0.37382,0.36207,0.35046,0.33901,0.32771,0.31659,0.30564,0.29488,0.28431,0.27393,0.26375,0.25378,0.24401,0.23446,0.22513,0.21602,0.20713,0.19847,0.19004,0.18184,0.17387,0.16613,0.15863,0.15137,0.14434,0.13754,0.13098,0.12466,0.11857,0.11272,0.10711,0.10174,0.096603,0.091706,0.087051,0.08264,0.078476,0.074565,0.07091,0.06752,0.064405,0.061574,0.059042,0.056826,0.054946,0.053426,0.052294,0.051584,0.051338
0.28,0.93917,0.93363,0.92784,0.92181,0.91553,0.909,0.90222,0.89519,0.88792,0.88039,0.87262,0.8646,0.85633,0.84782,0.83908,0.83009,0.82088,0.81144,0.80177,0.79189,0.78179,0.77149,0.761,0.75031,0.73943,0.72839,0.71717,0.7058,0.69427,0.68261,0.67082,0.65891,0.64688,0.63476,0.62255,0.61026,0.59791,0.5855,0.57305,0.56056,0.54805,0.53553,0.52301,0.51051,0.49802,0.48557,0.47316,0.46081,0.44852,0.4363,0.42417,0.41214,0.40021,0.38838,0.37669,0.36512,0.35368,0.3424,0.33126,0.32029,0.30948,0.29885,0.28839,0.27812,0.26805,0.25816,0.24848,0.239,0.22972,0.22066,0.21182,0.20319,0.19479,0.18661,0.17865,0.17092,0.16342,0.15616,0.14912,0.14232,0.13576,0.12943,0.12335,0.11751,0.11191,0.10656,0.10146,0.096614,0.092032,0.087717,0.083678,0.079924,0.076468,0.073322,0.070505,0.068036,0.065938,0.064241,0.062976,0.062184,0.061908
0.29,0.94493,0.9398,0.93443,0.92884,0.923,0.91693,0.91063,0.90408,0.89729,0.89026,0.88299,0.87548,0.86773,0.85974,0.85152,0.84306,0.83438,0.82547,0.81634,0.80699,0.79742,0.78765,0.77768,0.76751,0.75715,0.74661,0.7359,0.72501,0.71397,0.70278,0.69144,0.67997,0.66838,0.65668,0.64487,0.63296,0.62098,0.60891,0.59679,0.58461,0.57239,0.56014,0.54786,0.53558,0.52329,0.51102,0.49876,0.48654,0.47435,0.46222,0.45014,0.43814,0.42621,0.41438,0.40264,0.391,0.37948,0.36808,0.35681,0.34567,0.33468,0.32385,0.31317,0.30265,0.2923,0.28213,0.27215,0.26234,0.25273,0.24332,0.23411,0.2251,0.2163,0.20771,0.19934,0.19119,0.18326,0.17555,0.16808,0.16083,0.15382,0.14704,0.14051,0.13422,0.12818,0.1224,0.11687,0.11161,0.10663,0.10192,0.097509,0.093402,0.089613,0.086161,0.083064,0.080348,0.078038,0.076167,0.074772,0.073898,0.073594
0.3,0.95016,0.9454,0.94043,0.93523,0.92982,0.92417,0.9183,0.9122,0.90587,0.89931,0.89251,0.88548,0.87823,0.87074,0.86302,0.85507,0.84689,0.8385,0.82988,0.82105,0.812,0.80274,0.79329,0.78363,0.77378,0.76374,0.75352,0.74312,0.73256,0.72184,0.71097,0.69995,0.6888,0.67752,0.66612,0.65462,0.64301,0.63132,0.61954,0.60769,0.59579,0.58383,0.57182,0.55979,0.54774,0.53567,0.52361,0.51155,0.4995,0.48749,0.47551,0.46358,0.45171,0.4399,0.42816,0.41651,0.40494,0.39347,0.38212,0.37087,0.35975,0.34876,0.3379,0.32719,0.31663,0.30623,0.29599,0.28592,0.27602,0.2663,0.25677,0.24743,0.23828,0.22934,0.2206,0.21206,0.20375,0.19564,0.18776,0.18011,0.17269,0.1655,0.15855,0.15185,0.1454,0.13921,0.13328,0.12763,0.12226,0.11719,0.11242,0.10797,0.10387,0.10012,0.096759,0.093805,0.091291,0.089253,0.087734,0.086781,0.086449
0.31,0.95492,0.95052,0.9459,0.94108,0.93605,0.9308,0.92533,0.91965,0.91375,0.90763,0.90128,0.89471,0.88791,0.88089,0.87365,0.86619,0.8585,0.8506,0.84248,0.83414,0.82559,0.81684,0.80788,0.79872,0.78936,0.77982,0.77009,0.76018,0.75009,0.73984,0.72943,0.71887,0.70816,0.69731,0.68633,0.67523,0.66402,0.6527,0.64129,0.62979,0.61821,0.60656,0.59486,0.5831,0.5713,0.55947,0.54762,0.53575,0.52389,0.51202,0.50018,0.48836,0.47657,0.46482,0.45313,0.4415,0.42993,0.41845,0.40705,0.39574,0.38453,0.37344,0.36246,0.3516,0.34088,0.33029,0.31985,0.30956,0.29943,0.28946,0.27966,0.27004,0.2606,0.25135,0.24229,0.23343,0.22477,0.21632,0.20808,0.20006,0.19227,0.18471,0.17739,0.17031,0.16349,0.15693,0.15063,0.14462,0.1389,0.13348,0.12839,0.12363,0.11923,0.11521,0.11159,0.10842,0.10571,0.10351,0.10188,0.10085,0.10049
0.32,0.95922,0.95513,0.95086,0.94638,0.94171,0.93683,0.93175,0.92645,0.92095,0.91524,0.90932,0.90318,0.89682,0.89025,0.88346,0.87646,0.86924,0.86181,0.85416,0.8463,0.83824,0.82997,0.82149,0.81282,0.80395,0.79488,0.78563,0.7762,0.76659,0.7568,0.74685,0.73674,0.72648,0.71606,0.70551,0.69483,0.68402,0.67309,0.66205,0.65091,0.63968,0.62837,0.61698,0.60552,0.594,0.58243,0.57083,0.55919,0.54752,0.53585,0.52417,0.51249,0.50083,0.48919,0.47758,0.46601,0.45449,0.44303,0.43163,0.4203,0.40906,0.3979,0.38685,0.37589,0.36505,0.35433,0.34373,0.33327,0.32295,0.31278,0.30276,0.29291,0.28322,0.2737,0.26436,0.25521,0.24625,0.23749,0.22894,0.2206,0.21248,0.20458,0.19692,0.1895,0.18233,0.17543,0.16879,0.16245,0.1564,0.15066,0.14526,0.14021,0.13553,0.13125,0.1274,0.12401,0.12113,0.11878,0.11704,0.11594,0.11556
0.33,0.96306,0.95928,0.95531,0.95117,0.94683,0.9423,0.93757,0.93265,0.92753,0.9222,0.91667,0.91094,0.905,0.89885,0.89249,0.88592,0.87915,0.87216,0.86497,0.85758,0.84997,0.84217,0.83416,0.82596,0.81755,0.80896,0.80018,0.79121,0.78207,0.77274,0.76325,0.75359,0.74377,0.73379,0.72367,0.71341,0.70301,0.69248,0.68184,0.67107,0.66021,0.64924,0.63819,0.62705,0.61584,0.60456,0.59323,0.58184,0.57042,0.55896,0.54748,0.53599,0.52449,0.51299,0.50151,0.49004,0.4786,0.4672,0.45585,0.44455,0.43331,0.42213,0.41104,0.40003,0.38912,0.3783,0.3676,0.35701,0.34654,0.33621,0.32601,0.31596,0.30606,0.29632,0.28674,0.27734,0.26812,0.25909,0.25025,0.24162,0.2332,0.225,0.21703,0.2093,0.20182,0.1946,0.18765,0.18099,0.17464,0.16861,0.16292,0.1576,0.15266,0.14814,0.14407,0.14048,0.13743,0.13495,0.13309,0.13193,0.13152
0.34,0.96654,0.96304,0.95937,0.95553,0.95151,0.9473,0.94291,0.93834,0.93357,0.92861,0.92345,0.91809,0.91254,0.90679,0.90084,0.89468,0.88833,0.88177,0.87501,0.86805,0.86089,0.85353,0.84597,0.83821,0.83026,0.82212,0.81379,0.80528,0.79658,0.78771,0.77866,0.76945,0.76006,0.75052,0.74083,0.73098,0.72099,0.71087,0.70061,0.69024,0.67974,0.66913,0.65843,0.64762,0.63673,0.62576,0.61472,0.60361,0.59244,0.58123,0.56998,0.5587,0.54739,0.53607,0.52474,0.51341,0.50209,0.49079,0.47951,0.46828,0.45708,0.44593,0.43485,0.42383,0.41288,0.40202,0.39125,0.38058,0.37001,0.35956,0.34923,0.33903,0.32897,0.31905,0.30929,0.29968,0.29025,0.28099,0.27191,0.26303,0.25436,0.2459,0.23766,0.22965,0.2219,0.2144,0.20718,0.20025,0.19363,0.18733,0.18139,0.17582,0.17065,0.16591,0.16164,0.15788,0.15467,0.15206,0.15011,0.14889,0.14846
0.35,0.9697,0.96648,0.9631,0.95954,0.95582,0.95192,0.94784,0.94358,0.93914,0.93452,0.92971,0.92472,0.91953,0.91415,0.90857,0.90281,0.89685,0.89069,0.88433,0.87779,0.87104,0.8641,0.85697,0.84964,0.84212,0.83442,0.82652,0.81844,0.81018,0.80174,0.79313,0.78434,0.77538,0.76626,0.75698,0.74755,0.73797,0.72824,0.71838,0.70838,0.69826,0.68802,0.67767,0.6672,0.65664,0.64599,0.63525,0.62443,0.61355,0.6026,0.59159,0.58054,0.56945,0.55833,0.54718,0.53602,0.52485,0.51369,0.50253,0.49139,0.48028,0.4692,0.45816,0.44717,0.43624,0.42537,0.41458,0.40387,0.39325,0.38273,0.37232,0.36202,0.35184,0.34179,0.33189,0.32213,0.31252,0.30308,0.29382,0.28474,0.27586,0.26718,0.25872,0.25049,0.2425,0.23477,0.22731,0.22015,0.21329,0.20677,0.2006,0.19482,0.18944,0.18451,0.18007,0.17615,0.17281,0.17009,0.16806,0.16678,0.16634
0.36,0.97257,0.9696,0.96647,0.96318,0.95973,0.95612,0.95233,0.94838,0.94425,0.93994,0.93546,0.9308,0.92595,0.92092,0.91571,0.91031,0.90472,0.89894,0.89297,0.88681,0.88046,0.87393,0.8672,0.86028,0.85318,0.84589,0.83841,0.83075,0.82291,0.8149,0.8067,0.79833,0.78979,0.78109,0.77222,0.7632,0.75402,0.74469,0.73522,0.72561,0.71586,0.70599,0.696,0.68588,0.67566,0.66534,0.65492,0.64441,0.63382,0.62315,0.61241,0.60161,0.59076,0.57986,0.56893,0.55796,0.54698,0.53597,0.52496,0.51395,0.50296,0.49197,0.48102,0.4701,0.45921,0.44838,0.43761,0.4269,0.41627,0.40572,0.39526,0.3849,0.37465,0.36451,0.3545,0.34462,0.33489,0.32532,0.3159,0.30666,0.29761,0.28875,0.28011,0.27168,0.2635,0.25557,0.24791,0.24054,0.23349,0.22676,0.2204,0.21443,0.20888,0.20378,0.19918,0.19513,0.19166,0.18884,0.18674,0.18542,0.18495
0.37,0.97514,0.9724,0.96951,0.96647,0.96327,0.95991,0.9564,0.95272,0.94888,0.94488,0.9407,0.93635,0.93183,0.92713,0.92225,0.9172,0.91196,0.90654,0.90094,0.89516,0.88919,0.88304,0.8767,0.87018,0.86348,0.85659,0.84952,0.84227,0.83484,0.82723,0.81944,0.81149,0.80336,0.79506,0.7866,0.77798,0.76921,0.76028,0.7512,0.74197,0.73261,0.72311,0.71348,0.70373,0.69386,0.68387,0.67378,0.66359,0.65331,0.64294,0.63249,0.62196,0.61137,0.60072,0.59002,0.57927,0.56849,0.55768,0.54684,0.53599,0.52514,0.51429,0.50344,0.49262,0.48182,0.47105,0.46033,0.44966,0.43904,0.4285,0.41803,0.40764,0.39735,0.38716,0.37708,0.36712,0.3573,0.34761,0.33808,0.32872,0.31953,0.31052,0.30172,0.29314,0.28479,0.27669,0.26886,0.26131,0.25408,0.24719,0.24065,0.23452,0.22881,0.22356,0.21883,0.21465,0.21108,0.20817,0.206,0.20464,0.20416
0.38,0.9775,0.97496,0.97228,0.96946,0.9665,0.96339,0.96013,0.95671,0.95314,0.94941,0.94552,0.94147,0.93725,0.93286,0.9283,0.92357,0.91867,0.91359,0.90834,0.90291,0.8973,0.89151,0.88554,0.87939,0.87307,0.86656,0.85988,0.85302,0.84598,0.83877,0.83138,0.82382,0.81609,0.80819,0.80012,0.7919,0.78351,0.77497,0.76628,0.75743,0.74845,0.73932,0.73006,0.72067,0.71115,0.70151,0.69176,0.6819,0.67193,0.66187,0.65172,0.64148,0.63116,0.62078,0.61033,0.59982,0.58926,0.57866,0.56803,0.55736,0.54668,0.53599,0.52529,0.51459,0.5039,0.49323,0.4826,0.47199,0.46143,0.45093,0.44048,0.4301,0.41981,0.4096,0.3995,0.3895,0.37962,0.36987,0.36026,0.3508,0.34151,0.3324,0.32349,0.31478,0.3063,0.29807,0.2901,0.28241,0.27504,0.268,0.26133,0.25506,0.24922,0.24385,0.239,0.23472,0.23106,0.22808,0.22585,0.22445,0.22396
0.39,0.97967,0.97732,0.97484,0.97222,0.96948,0.96659,0.96356,0.96039,0.95707,0.9536,0.94998,0.9462,0.94226,0.93817,0.93391,0.92948,0.92489,0.92013,0.9152,0.9101,0.90483,0.89939,0.89377,0.88797,0.88201,0.87586,0.86955,0.86305,0.85639,0.84955,0.84254,0.83536,0.82801,0.82049,0.81281,0.80497,0.79696,0.7888,0.78048,0.77201,0.7634,0.75464,0.74574,0.7367,0.72754,0.71824,0.70883,0.6993,0.68966,0.67991,0.67007,0.66013,0.6501,0.63999,0.62981,0.61956,0.60925,0.59888,0.58846,0.57801,0.56752,0.55701,0.54648,0.53594,0.52539,0.51485,0.50433,0.49383,0.48335,0.47292,0.46254,0.45221,0.44195,0.43176,0.42166,0.41166,0.40176,0.39198,0.38233,0.37283,0.36348,0.3543,0.34531,0.33652,0.32795,0.31961,0.31154,0.30375,0.29627,0.28913,0.28235,0.27597,0.27003,0.26456,0.25962,0.25526,0.25153,0.24849,0.24622,0.24479,0.24429
0.4,0.98163,0.97945,0.97715,0.97473,0.97218,0.96951,0.9667,0.96375,0.96067,0.95744,0.95407,0.95055,0.94687,0.94305,0.93907,0.93493,0.93063,0.92617,0.92155,0.91676,0.91181,0.90669,0.9014,0.89595,0.89032,0.88452,0.87856,0.87242,0.86611,0.85963,0.85299,0.84617,0.83919,0.83204,0.82473,0.81726,0.80962,0.80183,0.79388,0.78578,0.77753,0.76913,0.76059,0.75191,0.7431,0.73415,0.72508,0.71589,0.70658,0.69715,0.68762,0.67799,0.66826,0.65844,0.64854,0.63856,0.62851,0.61839,0.60821,0.59799,0.58771,0.57741,0.56707,0.55671,0.54633,0.53594,0.52556,0.51519,0.50483,0.4945,0.48421,0.47396,0.46376,0.45362,0.44356,0.43359,0.42371,0.41393,0.40428,0.39476,0.38538,0.37617,0.36713,0.35829,0.34966,0.34126,0.33312,0.32525,0.31769,0.31047,0.30361,0.29715,0.29113,0.28559,0.28058,0.27615,0.27237,0.26928,0.26697,0.26552,0.26502
0.41,0.98337,0.98135,0.97923,0.97698,0.97463,0.97214,0.96954,0.9668,0.96394,0.96093,0.95779,0.95451,0.95109,0.94752,0.9438,0.93993,0.93591,0.93174,0.9274,0.92291,0.91826,0.91345,0.90848,0.90334,0.89804,0.89258,0.88695,0.88115,0.87519,0.86906,0.86276,0.8563,0.84968,0.84289,0.83594,0.82883,0.82156,0.81413,0.80654,0.79881,0.79092,0.78288,0.7747,0.76637,0.75791,0.74931,0.74058,0.73173,0.72275,0.71365,0.70445,0.69513,0.68571,0.67619,0.66658,0.65688,0.6471,0.63724,0.62732,0.61734,0.6073,0.59721,0.58709,0.57693,0.56674,0.55653,0.54631,0.53609,0.52587,0.51567,0.50549,0.49534,0.48524,0.47518,0.46519,0.45527,0.44543,0.43569,0.42606,0.41655,0.40717,0.39795,0.3889,0.38003,0.37137,0.36293,0.35474,0.34683,0.33922,0.33194,0.32502,0.3185,0.31242,0.30683,0.30177,0.29729,0.29346,0.29034,0.288,0.28654,0.28602
0.42,0.98494,0.98308,0.98111,0.97904,0.97686,0.97456,0.97214,0.9696,0.96694,0.96414,0.96122,0.95816,0.95497,0.95164,0.94817,0.94455,0.94079,0.93688,0.93282,0.92861,0.92425,0.91973,0.91505,0.91022,0.90523,0.90008,0.89477,0.88929,0.88366,0.87786,0.87191,0.86579,0.8595,0.85306,0.84646,0.8397,0.83278,0.8257,0.81847,0.81109,0.80355,0.79586,0.78803,0.78006,0.77194,0.76369,0.7553,0.74678,0.73814,0.72937,0.72048,0.71148,0.70237,0.69316,0.68384,0.67444,0.66494,0.65536,0.64571,0.63598,0.62619,0.61634,0.60644,0.59649,0.58651,0.5765,0.56647,0.55642,0.54637,0.53632,0.52628,0.51626,0.50627,0.49632,0.48642,0.47658,0.46682,0.45714,0.44756,0.43809,0.42874,0.41954,0.4105,0.40164,0.39298,0.38453,0.37633,0.3684,0.36076,0.35345,0.3465,0.33995,0.33383,0.3282,0.32311,0.3186,0.31474,0.3116,0.30924,0.30776,0.30725
0.43,0.98636,0.98465,0.98284,0.98093,0.97891,0.97678,0.97454,0.97218,0.9697,0.9671,0.96438,0.96154,0.95856,0.95545,0.95221,0.94883,0.94531,0.94165,0.93785,0.93391,0.92981,0.92557,0.92117,0.91663,0.91193,0.90707,0.90207,0.8969,0.89158,0.8861,0.88046,0.87466,0.86871,0.8626,0.85633,0.8499,0.84332,0.83658,0.82969,0.82265,0.81545,0.80811,0.80062,0.79299,0.78521,0.77729,0.76924,0.76106,0.75274,0.7443,0.73574,0.72705,0.71826,0.70935,0.70034,0.69123,0.68202,0.67272,0.66334,0.65388,0.64435,0.63475,0.62509,0.61538,0.60562,0.59582,0.58599,0.57613,0.56626,0.55638,0.54651,0.53664,0.52679,0.51697,0.50719,0.49746,0.4878,0.4782,0.4687,0.4593,0.45002,0.44087,0.43187,0.42305,0.41441,0.40598,0.39779,0.38987,0.38223,0.37492,0.36796,0.3614,0.35527,0.34963,0.34452,0.34,0.33612,0.33297,0.33061,0.32912,0.3286
0.44,0.98764,0.98608,0.98441,0.98264,0.98078,0.9788,0.97672,0.97453,0.97223,0.96982,0.96729,0.96463,0.96186,0.95896,0.95593,0.95278,0.94949,0.94606,0.9425,0.9388,0.93496,0.93098,0.92685,0.92258,0.91815,0.91358,0.90886,0.90399,0.89896,0.89378,0.88845,0.88297,0.87733,0.87153,0.86558,0.85948,0.85322,0.84681,0.84025,0.83354,0.82668,0.81967,0.81251,0.80521,0.79777,0.79019,0.78247,0.77461,0.76662,0.7585,0.75026,0.7419,0.73341,0.72482,0.71611,0.7073,0.69838,0.68938,0.68028,0.67109,0.66183,0.65249,0.64308,0.63361,0.62409,0.61452,0.60491,0.59526,0.58559,0.5759,0.56621,0.55651,0.54682,0.53715,0.52752,0.51792,0.50838,0.4989,0.4895,0.48019,0.47099,0.46192,0.45299,0.44422,0.43564,0.42726,0.4191,0.41121,0.4036,0.3963,0.38936,0.38281,0.37669,0.37106,0.36595,0.36143,0.35755,0.3544,0.35203,0.35055,0.35003
0.45,0.98881,0.98736,0.98582,0.98419,0.98246,0.98063,0.9787,0.97667,0.97453,0.97228,0.96993,0.96746,0.96487,0.96217,0.95934,0.95639,0.95332,0.95012,0.94678,0.94332,0.93971,0.93598,0.9321,0.92808,0.92392,0.91962,0.91517,0.91058,0.90584,0.90095,0.89591,0.89072,0.88538,0.87989,0.87426,0.86847,0.86253,0.85644,0.8502,0.84381,0.83727,0.83059,0.82376,0.81678,0.80967,0.80241,0.79502,0.78749,0.77983,0.77203,0.76411,0.75606,0.7479,0.73961,0.73121,0.7227,0.71409,0.70537,0.69656,0.68766,0.67867,0.6696,0.66046,0.65125,0.64197,0.63264,0.62326,0.61384,0.60438,0.5949,0.5854,0.57589,0.56638,0.55689,0.54741,0.53797,0.52856,0.51922,0.50994,0.50075,0.49166,0.48269,0.47384,0.46516,0.45664,0.44833,0.44023,0.43239,0.42483,0.41757,0.41066,0.40414,0.39805,0.39243,0.38734,0.38283,0.37897,0.37582,0.37346,0.37198,0.37147
0.46,0.98988,0.98854,0.98711,0.9856,0.98399,0.9823,0.98051,0.97862,0.97664,0.97455,0.97236,0.97006,0.96765,0.96513,0.96249,0.95974,0.95686,0.95387,0.95075,0.9475,0.94412,0.94062,0.93698,0.9332,0.92929,0.92524,0.92105,0.91673,0.91225,0.90764,0.90288,0.89798,0.89293,0.88773,0.88239,0.8769,0.87126,0.86548,0.85955,0.85347,0.84725,0.84088,0.83437,0.82771,0.82092,0.81398,0.80691,0.7997,0.79235,0.78488,0.77727,0.76954,0.76168,0.75371,0.74561,0.73741,0.72909,0.72067,0.71215,0.70354,0.69483,0.68604,0.67716,0.66821,0.65919,0.65011,0.64097,0.63179,0.62256,0.6133,0.60401,0.5947,0.58539,0.57608,0.56678,0.5575,0.54826,0.53907,0.52994,0.52088,0.51192,0.50306,0.49433,0.48574,0.47733,0.4691,0.46108,0.45331,0.44581,0.43862,0.43176,0.42529,0.41924,0.41366,0.4086,0.40411,0.40027,0.39714,0.3948,0.39332,0.39281
0.47,0.99087,0.98962,0.98829,0.98689,0.9854,0.98383,0.98217,0.98042,0.97858,0.97664,0.9746,0.97246,0.97021,0.96786,0.9654,0.96283,0.96015,0.95734,0.95442,0.95138,0.94822,0.94493,0.94152,0.93797,0.9343,0.93049,0.92654,0.92247,0.91825,0.9139,0.90941,0.90477,0.9,0.89508,0.89002,0.88482,0.87947,0.87398,0.86835,0.86257,0.85665,0.85059,0.84438,0.83803,0.83155,0.82492,0.81816,0.81126,0.80422,0.79706,0.78976,0.78234,0.77479,0.76712,0.75933,0.75142,0.74341,0.73528,0.72705,0.71872,0.7103,0.70178,0.69318,0.6845,0.67574,0.66691,0.65802,0.64908,0.64009,0.63106,0.62199,0.6129,0.6038,0.59469,0.58558,0.57649,0.56743,0.5584,0.54943,0.54053,0.53171,0.52299,0.51439,0.50592,0.49762,0.48949,0.48158,0.4739,0.46649,0.45937,0.45259,0.44618,0.44018,0.43465,0.42964,0.4252,0.42139,0.41828,0.41596,0.4145,0.41399
0.48,0.99177,0.99061,0.98937,0.98807,0.98669,0.98523,0.98369,0.98207,0.98036,0.97856,0.97666,0.97467,0.97258,0.97039,0.96809,0.96569,0.96318,0.96056,0.95783,0.95499,0.95202,0.94894,0.94573,0.9424,0.93895,0.93537,0.93166,0.92782,0.92385,0.91974,0.9155,0.91113,0.90662,0.90197,0.89718,0.89225,0.88718,0.88197,0.87662,0.87113,0.8655,0.85973,0.85382,0.84777,0.84158,0.83526,0.8288,0.8222,0.81547,0.80861,0.80161,0.79449,0.78725,0.77988,0.77239,0.76478,0.75706,0.74922,0.74128,0.73324,0.7251,0.71686,0.70854,0.70012,0.69163,0.68307,0.67444,0.66574,0.657,0.6482,0.63937,0.63051,0.62162,0.61272,0.60382,0.59493,0.58606,0.57722,0.56842,0.55969,0.55103,0.54246,0.53401,0.52568,0.51751,0.50951,0.50171,0.49414,0.48683,0.4798,0.47311,0.46678,0.46086,0.45539,0.45044,0.44604,0.44228,0.43921,0.43691,0.43546,0.43496
0.49,0.99258,0.99149,0.99035,0.98914,0.98786,0.98651,0.98508,0.98357,0.98198,0.98031,0.97854,0.97669,0.97474,0.9727,0.97056,0.96832,0.96598,0.96353,0.96097,0.95831,0.95553,0.95264,0.94964,0.94651,0.94327,0.9399,0.93641,0.9328,0.92906,0.92519,0.92119,0.91706,0.9128,0.9084,0.90387,0.8992,0.8944,0.88946,0.88439,0.87918,0.87383,0.86834,0.86272,0.85696,0.85106,0.84503,0.83886,0.83256,0.82612,0.81956,0.81286,0.80604,0.79909,0.79202,0.78482,0.77751,0.77008,0.76254,0.75489,0.74714,0.73928,0.73132,0.72327,0.71514,0.70692,0.69862,0.69025,0.68181,0.67332,0.66477,0.65618,0.64755,0.63889,0.63022,0.62153,0.61285,0.60418,0.59553,0.58693,0.57838,0.56989,0.5615,0.5532,0.54503,0.537,0.52914,0.52147,0.51403,0.50683,0.49992,0.49332,0.48709,0.48125,0.47586,0.47098,0.46664,0.46293,0.4599,0.45763,0.4562,0.4557
0.5,0.99329,0.99229,0.99123,0.99011,0.98893,0.98767,0.98635,0.98495,0.98347,0.98192,0.98028,0.97855,0.97674,0.97483,0.97284,0.97075,0.96856,0.96627,0.96388,0.96139,0.95879,0.95608,0.95326,0.95033,0.94729,0.94412,0.94084,0.93744,0.93392,0.93027,0.9265,0.9226,0.91858,0.91443,0.91014,0.90573,0.90118,0.8965,0.89169,0.88674,0.88166,0.87645,0.8711,0.86562,0.86,0.85425,0.84837,0.84235,0.83621,0.82993,0.82353,0.81699,0.81034,0.80356,0.79665,0.78963,0.78249,0.77524,0.76788,0.76041,0.75283,0.74516,0.73739,0.72952,0.72158,0.71355,0.70544,0.69727,0.68903,0.68073,0.67238,0.664,0.65558,0.64713,0.63867,0.63021,0.62175,0.61331,0.60491,0.59655,0.58825,0.58004,0.57192,0.56391,0.55604,0.54833,0.54081,0.5335,0.52643,0.51964,0.51316,0.50703,0.50129,0.49599,0.49118,0.48692,0.48326,0.48028,0.47805,0.47664,0.47615
0.51,0.99392,0.993,0.99203,0.991,0.9899,0.98874,0.98751,0.98621,0.98484,0.98339,0.98187,0.98026,0.97857,0.9768,0.97494,0.97299,0.97094,0.96881,0.96657,0.96424,0.96181,0.95927,0.95663,0.95388,0.95102,0.94805,0.94497,0.94177,0.93845,0.93502,0.93146,0.92779,0.92399,0.92007,0.91602,0.91184,0.90754,0.90311,0.89855,0.89386,0.88904,0.88408,0.879,0.87379,0.86844,0.86296,0.85736,0.85162,0.84575,0.83976,0.83364,0.82739,0.82101,0.81452,0.8079,0.80116,0.79431,0.78734,0.78026,0.77307,0.76578,0.75838,0.75089,0.7433,0.73563,0.72786,0.72002,0.71211,0.70413,0.69609,0.68799,0.67985,0.67167,0.66347,0.65524,0.647,0.63877,0.63054,0.62235,0.61419,0.60609,0.59807,0.59013,0.5823,0.5746,0.56706,0.55969,0.55253,0.54561,0.53895,0.53259,0.52657,0.52094,0.51574,0.51102,0.50683,0.50324,0.50031,0.49811,0.49673,0.49625
0.52,0.99448,0.99365,0.99275,0.9918,0.99079,0.98971,0.98858,0.98737,0.9861,0.98475,0.98333,0.98184,0.98026,0.97861,0.97688,0.97506,0.97315,0.97115,0.96907,0.96688,0.96461,0.96223,0.95975,0.95718,0.95449,0.9517,0.94881,0.9458,0.94268,0.93945,0.9361,0.93263,0.92905,0.92535,0.92152,0.91757,0.9135,0.90931,0.90499,0.90054,0.89597,0.89127,0.88644,0.88148,0.8764,0.87119,0.86584,0.86038,0.85478,0.84906,0.84321,0.83724,0.83114,0.82492,0.81858,0.81212,0.80555,0.79886,0.79206,0.78514,0.77813,0.77101,0.76379,0.75647,0.74907,0.74158,0.734,0.72635,0.71863,0.71085,0.70301,0.69511,0.68718,0.67921,0.67122,0.66322,0.65521,0.64721,0.63923,0.63129,0.6234,0.61557,0.60782,0.60018,0.59267,0.58529,0.57809,0.57109,0.56432,0.5578,0.55158,0.54569,0.54017,0.53507,0.53044,0.52634,0.52282,0.51995,0.51779,0.51644,0.51597
0.53,0.995,0.99424,0.99342,0.99254,0.99161,0.99061,0.98955,0.98843,0.98725,0.986,0.98468,0.98329,0.98183,0.98029,0.97867,0.97697,0.97519,0.97333,0.97138,0.96934,0.96721,0.96498,0.96266,0.96024,0.95773,0.95511,0.95239,0.94956,0.94662,0.94358,0.94043,0.93716,0.93378,0.93028,0.92667,0.92294,0.91909,0.91512,0.91103,0.90682,0.90248,0.89802,0.89343,0.88872,0.88389,0.87893,0.87384,0.86863,0.8633,0.85784,0.85225,0.84655,0.84072,0.83477,0.8287,0.82251,0.81621,0.80979,0.80326,0.79663,0.78988,0.78303,0.77608,0.76904,0.7619,0.75468,0.74737,0.73998,0.73252,0.725,0.71741,0.70977,0.70209,0.69436,0.68662,0.67885,0.67107,0.6633,0.65555,0.64782,0.64014,0.63252,0.62498,0.61754,0.61021,0.60302,0.59599,0.58916,0.58254,0.57618,0.5701,0.56434,0.55895,0.55397,0.54944,0.54543,0.54198,0.53917,0.53707,0.53574,0.53528
0.54,0.99546,0.99477,0.99402,0.99322,0.99235,0.99143,0.99045,0.98941,0.98831,0.98715,0.98593,0.98463,0.98327,0.98184,0.98033,0.97875,0.97709,0.97534,0.97352,0.97161,0.96962,0.96754,0.96536,0.9631,0.96074,0.95828,0.95572,0.95306,0.9503,0.94744,0.94447,0.94139,0.9382,0.93491,0.93149,0.92797,0.92433,0.92057,0.9167,0.91271,0.9086,0.90437,0.90001,0.89554,0.89094,0.88623,0.88139,0.87642,0.87134,0.86613,0.8608,0.85535,0.84979,0.8441,0.83829,0.83237,0.82633,0.82018,0.81392,0.80754,0.80107,0.79448,0.7878,0.78102,0.77415,0.76719,0.76015,0.75302,0.74582,0.73855,0.73122,0.72384,0.7164,0.70893,0.70142,0.6939,0.68636,0.67882,0.6713,0.66379,0.65633,0.64893,0.64159,0.63435,0.62722,0.62022,0.61338,0.60672,0.60027,0.59407,0.58814,0.58252,0.57726,0.5724,0.56798,0.56406,0.5607,0.55796,0.5559,0.5546,0.55415
0.55,0.99588,0.99526,0.99458,0.99383,0.99303,0.99218,0.99127,0.99031,0.98929,0.98821,0.98707,0.98587,0.9846,0.98327,0.98186,0.98039,0.97884,0.97721,0.97551,0.97372,0.97186,0.96991,0.96787,0.96575,0.96354,0.96123,0.95883,0.95633,0.95374,0.95104,0.94824,0.94534,0.94234,0.93923,0.93601,0.93268,0.92924,0.92569,0.92202,0.91824,0.91434,0.91033,0.9062,0.90195,0.89759,0.8931,0.8885,0.88377,0.87893,0.87396,0.86888,0.86368,0.85836,0.85293,0.84737,0.84171,0.83593,0.83003,0.82403,0.81792,0.8117,0.80539,0.79897,0.79245,0.78584,0.77914,0.77235,0.76549,0.75855,0.75153,0.74446,0.73733,0.73014,0.72292,0.71566,0.70837,0.70108,0.69377,0.68648,0.67921,0.67197,0.66478,0.65766,0.65063,0.6437,0.63689,0.63024,0.62376,0.61749,0.61145,0.60568,0.60021,0.59509,0.59035,0.58604,0.58223,0.57895,0.57627,0.57427,0.57301,0.57257
0.56,0.99627,0.9957,0.99508,0.99439,0.99366,0.99287,0.99203,0.99113,0.99019,0.98918,0.98813,0.98701,0.98583,0.98458,0.98328,0.9819,0.98046,0.97894,0.97735,0.97568,0.97394,0.97211,0.97021,0.96822,0.96614,0.96397,0.96172,0.95937,0.95693,0.9544,0.95177,0.94903,0.9462,0.94327,0.94023,0.93708,0.93383,0.93047,0.92701,0.92343,0.91973,0.91593,0.91201,0.90798,0.90383,0.89957,0.89519,0.8907,0.88608,0.88135,0.87651,0.87155,0.86647,0.86128,0.85598,0.85056,0.84503,0.83939,0.83364,0.82778,0.82182,0.81575,0.80959,0.80333,0.79698,0.79054,0.78401,0.7774,0.77071,0.76395,0.75713,0.75025,0.74332,0.73634,0.72933,0.72229,0.71523,0.70816,0.7011,0.69406,0.68705,0.68008,0.67318,0.66636,0.65964,0.65303,0.64657,0.64028,0.63419,0.62832,0.62271,0.61739,0.61241,0.6078,0.60362,0.5999,0.59671,0.59411,0.59216,0.59093,0.5905
0.57,0.99662,0.9961,0.99553,0.9949,0.99422,0.99349,0.99271,0.99188,0.99101,0.99008,0.98909,0.98805,0.98696,0.9858,0.98458,0.9833,0.98195,0.98054,0.97905,0.9775,0.97586,0.97416,0.97237,0.97051,0.96856,0.96653,0.96441,0.96221,0.95991,0.95753,0.95505,0.95248,0.94981,0.94704,0.94418,0.94121,0.93814,0.93496,0.93168,0.92829,0.92479,0.92119,0.91747,0.91365,0.90971,0.90566,0.9015,0.89722,0.89283,0.88833,0.88371,0.87898,0.87414,0.86918,0.86412,0.85894,0.85365,0.84825,0.84275,0.83714,0.83143,0.82561,0.8197,0.81369,0.80759,0.8014,0.79513,0.78877,0.78234,0.77583,0.76926,0.76263,0.75595,0.74922,0.74245,0.73565,0.72883,0.72201,0.71518,0.70837,0.70159,0.69485,0.68816,0.68155,0.67504,0.66864,0.66238,0.65628,0.65037,0.64467,0.63923,0.63407,0.62923,0.62476,0.62069,0.61708,0.61398,0.61145,0.60956,0.60836,0.60795
0.58,0.99694,0.99647,0.99593,0.99535,0.99473,0.99405,0.99333,0.99257,0.99176,0.99089,0.98998,0.98902,0.988,0.98692,0.98579,0.98459,0.98334,0.98201,0.98063,0.97917,0.97765,0.97605,0.97438,0.97263,0.97081,0.9689,0.96691,0.96484,0.96269,0.96045,0.95811,0.95569,0.95318,0.95057,0.94786,0.94506,0.94216,0.93916,0.93605,0.93285,0.92954,0.92612,0.9226,0.91897,0.91523,0.91139,0.90743,0.90336,0.89919,0.8949,0.89051,0.886,0.88138,0.87665,0.87182,0.86687,0.86182,0.85666,0.8514,0.84603,0.84056,0.83499,0.82932,0.82356,0.81771,0.81177,0.80574,0.79963,0.79345,0.78719,0.78087,0.77448,0.76805,0.76156,0.75504,0.74848,0.7419,0.73532,0.72873,0.72215,0.71559,0.70907,0.70261,0.69622,0.68992,0.68372,0.67766,0.67175,0.66603,0.66051,0.65523,0.65023,0.64554,0.6412,0.63726,0.63376,0.63075,0.6283,0.62646,0.6253,0.6249
0.59,0.99725,0.99679,0.9963,0.99576,0.99518,0.99456,0.99389,0.99318,0.99243,0.99163,0.99079,0.98989,0.98895,0.98795,0.98689,0.98578,0.98461,0.98337,0.98208,0.98072,0.97929,0.9778,0.97623,0.9746,0.97289,0.9711,0.96923,0.96729,0.96526,0.96316,0.96096,0.95868,0.95631,0.95385,0.9513,0.94866,0.94592,0.94308,0.94015,0.93711,0.93398,0.93075,0.92741,0.92397,0.92042,0.91677,0.91301,0.90915,0.90518,0.9011,0.89692,0.89263,0.88823,0.88372,0.87911,0.87439,0.86957,0.86464,0.85961,0.85447,0.84924,0.84391,0.83848,0.83296,0.82735,0.82165,0.81587,0.81,0.80406,0.79805,0.79197,0.78583,0.77964,0.7734,0.76712,0.7608,0.75446,0.74811,0.74175,0.73541,0.72908,0.72279,0.71655,0.71037,0.70428,0.69829,0.69243,0.68671,0.68117,0.67583,0.67073,0.66588,0.66134,0.65714,0.65332,0.64993,0.64702,0.64464,0.64286,0.64174,0.64135
0.6,0.99752,0.99709,0.99663,0.99613,0.99559,0.99502,0.99441,0.99375,0.99306,0.99232,0.99154,0.9907,0.98983,0.9889,0.98791,0.98688,0.98578,0.98464,0.98343,0.98216,0.98082,0.97943,0.97796,0.97643,0.97482,0.97315,0.9714,0.96957,0.96767,0.96569,0.96362,0.96148,0.95924,0.95693,0.95452,0.95202,0.94944,0.94676,0.94398,0.94112,0.93815,0.93509,0.93193,0.92866,0.9253,0.92184,0.91827,0.9146,0.91083,0.90695,0.90297,0.89888,0.89469,0.8904,0.886,0.8815,0.87689,0.87219,0.86738,0.86248,0.85747,0.85237,0.84718,0.84189,0.83651,0.83105,0.82551,0.81988,0.81418,0.80841,0.80257,0.79667,0.79072,0.78471,0.77867,0.77259,0.76649,0.76037,0.75424,0.74812,0.74202,0.73596,0.72993,0.72397,0.71809,0.71231,0.70665,0.70113,0.69577,0.69062,0.68568,0.681,0.6766,0.67254,0.66885,0.66557,0.66275,0.66045,0.65872,0.65764,0.65726
0.61,0.99777,0.99737,0.99694,0.99648,0.99599,0.99546,0.99489,0.99429,0.99365,0.99296,0.99224,0.99147,0.99065,0.98979,0.98887,0.98791,0.98689,0.98582,0.98469,0.98351,0.98226,0.98095,0.97958,0.97815,0.97664,0.97507,0.97343,0.97172,0.96993,0.96806,0.96612,0.9641,0.962,0.95981,0.95754,0.95519,0.95275,0.95022,0.94759,0.94488,0.94207,0.93917,0.93618,0.93308,0.9299,0.92661,0.92322,0.91973,0.91615,0.91246,0.90867,0.90478,0.90079,0.8967,0.8925,0.88821,0.88381,0.87932,0.87473,0.87004,0.86526,0.86038,0.85541,0.85034,0.8452,0.83996,0.83465,0.82925,0.82378,0.81824,0.81264,0.80697,0.80125,0.79548,0.78967,0.78382,0.77795,0.77206,0.76617,0.76027,0.7544,0.74855,0.74275,0.737,0.73133,0.72575,0.72029,0.71496,0.7098,0.70482,0.70005,0.69553,0.69129,0.68736,0.68379,0.68062,0.6779,0.67568,0.67401,0.67296,0.6726
0.62,0.99799,0.99762,0.99723,0.9968,0.99635,0.99586,0.99534,0.99478,0.99419,0.99356,0.99289,0.99217,0.99141,0.99061,0.98976,0.98886,0.98792,0.98692,0.98587,0.98476,0.98359,0.98237,0.98109,0.97975,0.97834,0.97686,0.97532,0.97372,0.97204,0.97028,0.96846,0.96655,0.96457,0.96252,0.96038,0.95815,0.95585,0.95346,0.95098,0.94841,0.94576,0.94301,0.94017,0.93724,0.93422,0.9311,0.92788,0.92457,0.92116,0.91765,0.91405,0.91035,0.90655,0.90265,0.89865,0.89455,0.89036,0.88607,0.88169,0.87721,0.87264,0.86797,0.86322,0.85838,0.85345,0.84844,0.84334,0.83817,0.83293,0.82762,0.82224,0.8168,0.81131,0.80577,0.80018,0.79456,0.78892,0.78326,0.77759,0.77192,0.76626,0.76063,0.75504,0.74951,0.74404,0.73867,0.73341,0.72827,0.72329,0.71848,0.71389,0.70953,0.70543,0.70165,0.6982,0.69514,0.69252,0.69037,0.68876,0.68775,0.6874
0.63,0.99819,0.99785,0.99749,0.9971,0.99668,0.99623,0.99575,0.99524,0.99469,0.9941,0.99348,0.99282,0.99212,0.99137,0.99058,0.98975,0.98886,0.98793,0.98695,0.98592,0.98483,0.98369,0.98249,0.98123,0.97991,0.97853,0.97709,0.97558,0.974,0.97235,0.97064,0.96885,0.96698,0.96504,0.96303,0.96093,0.95875,0.95649,0.95415,0.95173,0.94921,0.94661,0.94393,0.94115,0.93828,0.93532,0.93227,0.92913,0.92589,0.92255,0.91913,0.9156,0.91199,0.90827,0.90446,0.90056,0.89656,0.89247,0.88829,0.88401,0.87964,0.87519,0.87064,0.86601,0.86129,0.8565,0.85162,0.84667,0.84164,0.83655,0.8314,0.82618,0.82091,0.81559,0.81023,0.80483,0.79941,0.79397,0.78852,0.78307,0.77763,0.77221,0.76684,0.76151,0.75625,0.75108,0.74601,0.74106,0.73626,0.73163,0.7272,0.723,0.71905,0.7154,0.71208,0.70913,0.7066,0.70453,0.70298,0.702,0.70166
0.64,0.99837,0.99806,0.99772,0.99736,0.99698,0.99656,0.99612,0.99565,0.99514,0.9946,0.99403,0.99341,0.99276,0.99207,0.99134,0.99056,0.98974,0.98887,0.98796,0.98699,0.98598,0.98491,0.98379,0.98261,0.98138,0.98008,0.97873,0.97731,0.97583,0.97428,0.97267,0.97098,0.96923,0.9674,0.9655,0.96353,0.96147,0.95934,0.95713,0.95484,0.95246,0.95,0.94746,0.94483,0.94211,0.9393,0.93641,0.93342,0.93035,0.92718,0.92392,0.92057,0.91713,0.9136,0.90997,0.90625,0.90244,0.89854,0.89455,0.89047,0.8863,0.88204,0.8777,0.87327,0.86876,0.86417,0.8595,0.85476,0.84995,0.84507,0.84013,0.83513,0.83008,0.82498,0.81984,0.81466,0.80945,0.80423,0.79899,0.79375,0.78853,0.78332,0.77815,0.77303,0.76797,0.76299,0.75811,0.75335,0.74873,0.74427,0.74001,0.73596,0.73216,0.72864,0.72544,0.7226,0.72016,0.71817,0.71668,0.71573,0.71541
0.65,0.99853,0.99824,0.99793,0.9976,0.99725,0.99687,0.99646,0.99602,0.99555,0.99505,0.99452,0.99395,0.99335,0.99271,0.99203,0.9913,0.99054,0.98973,0.98888,0.98798,0.98703,0.98604,0.98499,0.98389,0.98273,0.98152,0.98025,0.97892,0.97753,0.97608,0.97456,0.97298,0.97133,0.96961,0.96782,0.96596,0.96402,0.96201,0.95992,0.95775,0.95551,0.95318,0.95078,0.94829,0.94571,0.94305,0.94031,0.93748,0.93456,0.93155,0.92846,0.92527,0.922,0.91864,0.91519,0.91165,0.90802,0.9043,0.90049,0.8966,0.89262,0.88856,0.88441,0.88018,0.87587,0.87148,0.86702,0.86249,0.85788,0.85321,0.84848,0.84369,0.83885,0.83396,0.82902,0.82406,0.81906,0.81405,0.80902,0.80399,0.79897,0.79397,0.789,0.78408,0.77922,0.77443,0.76974,0.76516,0.76071,0.75643,0.75232,0.74842,0.74477,0.74138,0.7383,0.73557,0.73322,0.7313,0.72986,0.72895,0.72864
0.66,0.99867,0.9984,0.99812,0.99781,0.99749,0.99714,0.99676,0.99636,0.99593,0.99546,0.99497,0.99444,0.99388,0.99329,0.99265,0.99198,0.99127,0.99052,0.98973,0.98889,0.988,0.98707,0.98609,0.98506,0.98398,0.98285,0.98166,0.98041,0.97911,0.97775,0.97632,0.97483,0.97328,0.97166,0.96998,0.96823,0.9664,0.9645,0.96254,0.96049,0.95837,0.95617,0.9539,0.95154,0.94911,0.94659,0.94399,0.94131,0.93854,0.93569,0.93275,0.92973,0.92662,0.92342,0.92014,0.91677,0.91332,0.90978,0.90615,0.90244,0.89865,0.89477,0.89081,0.88677,0.88266,0.87847,0.8742,0.86987,0.86546,0.86099,0.85646,0.85188,0.84724,0.84255,0.83783,0.83306,0.82827,0.82346,0.81864,0.81381,0.80899,0.80419,0.79942,0.79469,0.79002,0.78542,0.78091,0.7765,0.77223,0.76811,0.76416,0.76041,0.75689,0.75364,0.75067,0.74804,0.74578,0.74393,0.74255,0.74167,0.74137
0.67,0.99878,0.99854,0.99828,0.998,0.9977,0.99738,0.99703,0.99665,0.99625,0.99582,0.99537,0.99488,0.99436,0.9938,0.99322,0.99259,0.99193,0.99123,0.99049,0.98971,0.98889,0.98802,0.9871,0.98614,0.98513,0.98407,0.98296,0.98179,0.98057,0.97929,0.97795,0.97656,0.9751,0.97358,0.972,0.97035,0.96863,0.96684,0.96499,0.96306,0.96106,0.95899,0.95684,0.95461,0.95231,0.94993,0.94747,0.94493,0.94231,0.9396,0.93682,0.93395,0.931,0.92797,0.92485,0.92165,0.91836,0.915,0.91154,0.90801,0.9044,0.9007,0.89693,0.89308,0.88915,0.88515,0.88108,0.87693,0.87272,0.86845,0.86412,0.85973,0.85529,0.8508,0.84627,0.84171,0.83712,0.83251,0.82788,0.82325,0.81862,0.81402,0.80943,0.80489,0.8004,0.79598,0.79165,0.78742,0.78331,0.77935,0.77555,0.77194,0.76856,0.76543,0.76258,0.76004,0.75787,0.75609,0.75476,0.75392,0.75363
0.68,0.99889,0.99867,0.99843,0.99817,0.99789,0.99759,0.99727,0.99693,0.99655,0.99616,0.99573,0.99528,0.9948,0.99428,0.99374,0.99316,0.99254,0.99189,0.9912,0.99048,0.98971,0.9889,0.98804,0.98715,0.9862,0.98521,0.98417,0.98308,0.98193,0.98073,0.97948,0.97817,0.9768,0.97537,0.97388,0.97233,0.97071,0.96903,0.96729,0.96547,0.96358,0.96163,0.9596,0.9575,0.95532,0.95307,0.95074,0.94834,0.94586,0.9433,0.94066,0.93794,0.93514,0.93226,0.9293,0.92626,0.92314,0.91993,0.91665,0.91329,0.90985,0.90633,0.90273,0.89906,0.89531,0.89149,0.8876,0.88365,0.87962,0.87554,0.8714,0.8672,0.86295,0.85865,0.85432,0.84995,0.84555,0.84113,0.83669,0.83225,0.82782,0.8234,0.819,0.81464,0.81033,0.80609,0.80192,0.79786,0.79391,0.7901,0.78645,0.78299,0.77974,0.77672,0.77398,0.77155,0.76946,0.76775,0.76646,0.76566,0.76538
0.69,0.999,0.9988,0.99858,0.99834,0.99808,0.99781,0.99751,0.99719,0.99685,0.99648,0.99609,0.99567,0.99522,0.99475,0.99424,0.9937,0.99313,0.99253,0.99189,0.99121,0.99049,0.98974,0.98894,0.9881,0.98722,0.98629,0.98531,0.98429,0.98322,0.9821,0.98092,0.97969,0.9784,0.97706,0.97566,0.9742,0.97268,0.97109,0.96944,0.96773,0.96595,0.9641,0.96219,0.9602,0.95814,0.95601,0.95381,0.95153,0.94918,0.94675,0.94425,0.94167,0.93901,0.93628,0.93346,0.93057,0.9276,0.92455,0.92143,0.91823,0.91495,0.91159,0.90816,0.90466,0.90109,0.89744,0.89373,0.88995,0.8861,0.8822,0.87824,0.87422,0.87016,0.86605,0.8619,0.85772,0.8535,0.84927,0.84502,0.84077,0.83651,0.83227,0.82806,0.82388,0.81974,0.81567,0.81168,0.80778,0.80399,0.80033,0.79683,0.7935,0.79038,0.78748,0.78485,0.78251,0.7805,0.77886,0.77763,0.77685,0.77658
0.7,0.9991,0.99891,0.99871,0.99849,0.99826,0.998,0.99773,0.99744,0.99712,0.99678,0.99642,0.99603,0.99562,0.99518,0.99471,0.99421,0.99368,0.99311,0.99252,0.99189,0.99122,0.99051,0.98977,0.98899,0.98816,0.98729,0.98638,0.98542,0.98442,0.98336,0.98226,0.98111,0.9799,0.97864,0.97732,0.97594,0.97451,0.97302,0.97147,0.96985,0.96817,0.96643,0.96462,0.96274,0.9608,0.95878,0.9567,0.95454,0.95231,0.95001,0.94764,0.94519,0.94267,0.94007,0.9374,0.93465,0.93183,0.92893,0.92595,0.9229,0.91978,0.91659,0.91332,0.90998,0.90657,0.90309,0.89955,0.89594,0.89227,0.88854,0.88475,0.88091,0.87703,0.8731,0.86913,0.86512,0.86109,0.85704,0.85297,0.84889,0.84482,0.84075,0.83671,0.8327,0.82874,0.82484,0.821,0.81726,0.81363,0.81012,0.80676,0.80356,0.80057,0.79779,0.79526,0.79302,0.79109,0.78951,0.78833,0.78758,0.78732
0.71,0.99919,0.99902,0.99883,0.99863,0.99842,0.99818,0.99793,0.99766,0.99737,0.99705,0.99672,0.99636,0.99598,0.99557,0.99513,0.99467,0.99418,0.99365,0.9931,0.99251,0.99189,0.99123,0.99054,0.98981,0.98904,0.98823,0.98737,0.98647,0.98553,0.98455,0.98351,0.98243,0.98129,0.98011,0.97887,0.97758,0.97623,0.97482,0.97336,0.97184,0.97025,0.96861,0.9669,0.96513,0.96329,0.96138,0.95941,0.95737,0.95526,0.95308,0.95083,0.94851,0.94612,0.94365,0.94112,0.9385,0.93582,0.93307,0.93024,0.92734,0.92436,0.92132,0.91821,0.91503,0.91178,0.90846,0.90508,0.90163,0.89813,0.89457,0.89095,0.88729,0.88357,0.87981,0.87602,0.87219,0.86833,0.86445,0.86055,0.85665,0.85275,0.84885,0.84498,0.84114,0.83734,0.8336,0.82993,0.82634,0.82285,0.81949,0.81626,0.8132,0.81033,0.80766,0.80524,0.80308,0.80123,0.79972,0.79858,0.79787,0.79762
0.72,0.99927,0.99911,0.99894,0.99876,0.99856,0.99834,0.99811,0.99786,0.99759,0.9973,0.99699,0.99666,0.9963,0.99592,0.99552,0.99509,0.99463,0.99415,0.99363,0.99308,0.99251,0.99189,0.99125,0.99056,0.98984,0.98909,0.98829,0.98745,0.98657,0.98564,0.98467,0.98365,0.98259,0.98148,0.98031,0.9791,0.97783,0.97651,0.97513,0.97369,0.9722,0.97065,0.96904,0.96736,0.96563,0.96383,0.96196,0.96003,0.95804,0.95597,0.95384,0.95164,0.94938,0.94704,0.94463,0.94215,0.9396,0.93698,0.9343,0.93154,0.92871,0.92581,0.92285,0.91982,0.91672,0.91356,0.91034,0.90705,0.90371,0.90031,0.89686,0.89336,0.88981,0.88622,0.88259,0.87893,0.87524,0.87152,0.8678,0.86406,0.86033,0.8566,0.85289,0.84922,0.84558,0.84199,0.83847,0.83503,0.83169,0.82847,0.82537,0.82244,0.81968,0.81712,0.8148,0.81273,0.81096,0.80951,0.80842,0.80773,0.80749
0.73,0.99934,0.9992,0.99904,0.99887,0.99869,0.99849,0.99827,0.99804,0.99779,0.99752,0.99724,0.99693,0.9966,0.99625,0.99587,0.99547,0.99505,0.9946,0.99412,0.99361,0.99307,0.9925,0.99189,0.99126,0.99059,0.98988,0.98913,0.98835,0.98752,0.98665,0.98575,0.98479,0.98379,0.98275,0.98166,0.98051,0.97932,0.97808,0.97678,0.97543,0.97402,0.97256,0.97104,0.96946,0.96782,0.96612,0.96436,0.96254,0.96065,0.9587,0.95668,0.9546,0.95245,0.95023,0.94795,0.9456,0.94318,0.9407,0.93814,0.93552,0.93283,0.93008,0.92726,0.92437,0.92143,0.91842,0.91534,0.91221,0.90903,0.90578,0.90249,0.89915,0.89576,0.89233,0.88887,0.88537,0.88184,0.87829,0.87473,0.87116,0.86758,0.86402,0.86047,0.85695,0.85346,0.85003,0.84666,0.84337,0.84016,0.83707,0.83411,0.8313,0.82865,0.8262,0.82397,0.82199,0.82029,0.8189,0.81786,0.8172,0.81697
0.74,0.99941,0.99927,0.99912,0.99897,0.9988,0.99861,0.99841,0.9982,0.99797,0.99772,0.99745,0.99717,0.99686,0.99654,0.99619,0.99582,0.99542,0.995,0.99456,0.99408,0.99358,0.99305,0.99249,0.99189,0.99126,0.9906,0.9899,0.98917,0.9884,0.98759,0.98674,0.98584,0.98491,0.98393,0.9829,0.98183,0.98071,0.97954,0.97832,0.97705,0.97572,0.97435,0.97292,0.97143,0.96988,0.96828,0.96662,0.96489,0.96311,0.96126,0.95936,0.95739,0.95535,0.95325,0.95109,0.94886,0.94657,0.94421,0.94179,0.9393,0.93675,0.93413,0.93145,0.92871,0.9259,0.92304,0.92012,0.91713,0.9141,0.91101,0.90787,0.90468,0.90145,0.89818,0.89487,0.89153,0.88816,0.88477,0.88137,0.87795,0.87454,0.87113,0.86773,0.86436,0.86103,0.85775,0.85452,0.85137,0.8483,0.84534,0.8425,0.83981,0.83728,0.83493,0.83279,0.8309,0.82926,0.82793,0.82693,0.8263,0.82608
0.75,0.99946,0.99933,0.9992,0.99905,0.99889,0.99872,0.99853,0.99834,0.99812,0.99789,0.99764,0.99738,0.99709,0.99679,0.99647,0.99612,0.99575,0.99536,0.99495,0.99451,0.99404,0.99354,0.99302,0.99246,0.99188,0.99126,0.99061,0.98992,0.9892,0.98844,0.98764,0.98681,0.98593,0.98501,0.98405,0.98304,0.98199,0.98089,0.97975,0.97855,0.97731,0.97601,0.97466,0.97326,0.97181,0.97029,0.96873,0.9671,0.96542,0.96368,0.96187,0.96001,0.95809,0.9561,0.95406,0.95195,0.94978,0.94754,0.94525,0.94289,0.94047,0.93798,0.93544,0.93284,0.93017,0.92745,0.92467,0.92183,0.91894,0.916,0.91301,0.90998,0.9069,0.90378,0.90062,0.89744,0.89422,0.89099,0.88774,0.88448,0.88122,0.87796,0.87472,0.8715,0.86831,0.86517,0.86208,0.85906,0.85613,0.8533,0.85058,0.848,0.84558,0.84333,0.84129,0.83947,0.83791,0.83663,0.83567,0.83507,0.83486
0.76,0.9995,0.99939,0.99926,0.99912,0.99898,0.99882,0.99864,0.99846,0.99826,0.99805,0.99782,0.99757,0.99731,0.99702,0.99672,0.9964,0.99606,0.99569,0.99531,0.9949,0.99446,0.994,0.99351,0.99299,0.99244,0.99187,0.99126,0.99062,0.98994,0.98923,0.98848,0.9877,0.98688,0.98602,0.98512,0.98417,0.98319,0.98216,0.98108,0.97996,0.97879,0.97757,0.9763,0.97498,0.97361,0.97219,0.97071,0.96918,0.96759,0.96595,0.96425,0.96249,0.96067,0.9588,0.95686,0.95487,0.95281,0.9507,0.94852,0.94629,0.94399,0.94163,0.93922,0.93675,0.93422,0.93163,0.92899,0.92629,0.92355,0.92075,0.9179,0.91501,0.91208,0.90911,0.9061,0.90306,0.9,0.89691,0.89381,0.8907,0.88758,0.88447,0.88137,0.8783,0.87525,0.87225,0.8693,0.86641,0.86361,0.8609,0.8583,0.85583,0.85351,0.85136,0.8494,0.84766,0.84617,0.84495,0.84403,0.84345,0.84325
0.77,0.99955,0.99944,0.99933,0.9992,0.99907,0.99892,0.99876,0.99859,0.9984,0.9982,0.99799,0.99776,0.99752,0.99725,0.99697,0.99668,0.99636,0.99602,0.99566,0.99528,0.99487,0.99444,0.99398,0.9935,0.99299,0.99245,0.99188,0.99129,0.99065,0.98999,0.98929,0.98856,0.98779,0.98698,0.98614,0.98525,0.98433,0.98336,0.98235,0.9813,0.9802,0.97905,0.97786,0.97661,0.97532,0.97398,0.97259,0.97114,0.96965,0.96809,0.96649,0.96483,0.96311,0.96133,0.9595,0.95761,0.95567,0.95366,0.9516,0.94948,0.9473,0.94507,0.94278,0.94043,0.93802,0.93556,0.93305,0.93049,0.92787,0.92521,0.9225,0.91974,0.91695,0.91412,0.91125,0.90835,0.90542,0.90248,0.89952,0.89654,0.89357,0.8906,0.88764,0.88469,0.88178,0.87891,0.87609,0.87333,0.87064,0.86805,0.86556,0.8632,0.86098,0.85892,0.85705,0.85538,0.85395,0.85278,0.8519,0.85135,0.85115
0.78,0.9996,0.9995,0.99939,0.99927,0.99915,0.99901,0.99886,0.9987,0.99853,0.99835,0.99815,0.99794,0.99771,0.99747,0.99721,0.99693,0.99663,0.99632,0.99598,0.99563,0.99525,0.99485,0.99442,0.99397,0.9935,0.993,0.99247,0.99191,0.99132,0.9907,0.99004,0.98936,0.98864,0.98788,0.98709,0.98626,0.98539,0.98449,0.98354,0.98255,0.98151,0.98044,0.97931,0.97814,0.97693,0.97567,0.97435,0.97299,0.97158,0.97011,0.9686,0.96703,0.9654,0.96373,0.96199,0.96021,0.95837,0.95647,0.95451,0.9525,0.95044,0.94832,0.94614,0.94391,0.94163,0.93929,0.9369,0.93446,0.93198,0.92944,0.92686,0.92424,0.92158,0.91888,0.91614,0.91338,0.91059,0.90778,0.90495,0.90211,0.89927,0.89643,0.8936,0.89079,0.88801,0.88526,0.88257,0.87993,0.87736,0.87488,0.8725,0.87024,0.86811,0.86614,0.86435,0.86276,0.86138,0.86026,0.85942,0.85889,0.85871
0.79,0.99964,0.99955,0.99945,0.99934,0.99922,0.99909,0.99896,0.99881,0.99865,0.99848,0.99829,0.9981,0.99789,0.99766,0.99742,0.99716,0.99689,0.99659,0.99628,0.99595,0.9956,0.99523,0.99483,0.99441,0.99397,0.9935,0.993,0.99248,0.99193,0.99135,0.99074,0.9901,0.98943,0.98872,0.98798,0.9872,0.98639,0.98554,0.98465,0.98372,0.98274,0.98173,0.98068,0.97958,0.97843,0.97724,0.97601,0.97472,0.97339,0.97201,0.97058,0.9691,0.96757,0.96598,0.96434,0.96265,0.96091,0.95911,0.95726,0.95536,0.9534,0.95139,0.94933,0.94721,0.94504,0.94283,0.94056,0.93824,0.93587,0.93346,0.93101,0.92851,0.92597,0.9234,0.9208,0.91816,0.9155,0.91282,0.91013,0.90742,0.90471,0.902,0.8993,0.89661,0.89395,0.89133,0.88875,0.88623,0.88377,0.8814,0.87913,0.87697,0.87493,0.87305,0.87133,0.86981,0.86849,0.86742,0.86662,0.86611,0.86594
0.8,0.99967,0.99959,0.9995,0.9994,0.99929,0.99917,0.99904,0.9989,0.99876,0.9986,0.99843,0.99824,0.99805,0.99784,0.99761,0.99737,0.99712,0.99685,0.99656,0.99625,0.99592,0.99557,0.9952,0.99481,0.9944,0.99396,0.9935,0.99301,0.9925,0.99196,0.99139,0.99079,0.99016,0.9895,0.9888,0.98807,0.98731,0.98651,0.98568,0.9848,0.98389,0.98294,0.98195,0.98092,0.97984,0.97872,0.97756,0.97635,0.97509,0.97379,0.97244,0.97104,0.9696,0.9681,0.96655,0.96496,0.96331,0.96161,0.95986,0.95806,0.9562,0.9543,0.95234,0.95034,0.94828,0.94617,0.94402,0.94182,0.93957,0.93728,0.93494,0.93257,0.93016,0.92771,0.92523,0.92272,0.92018,0.91763,0.91506,0.91248,0.90989,0.90731,0.90473,0.90217,0.89963,0.89712,0.89466,0.89225,0.88991,0.88764,0.88547,0.8834,0.88146,0.87965,0.87801,0.87655,0.8753,0.87427,0.87351,0.87302,0.87285
0.81,0.99971,0.99963,0.99954,0.99945,0.99935,0.99924,0.99912,0.99899,0.99885,0.99871,0.99855,0.99838,0.99819,0.998,0.99779,0.99757,0.99733,0.99708,0.99681,0.99652,0.99621,0.99589,0.99555,0.99518,0.9948,0.99439,0.99396,0.9935,0.99302,0.99252,0.99198,0.99142,0.99083,0.99021,0.98956,0.98888,0.98817,0.98742,0.98664,0.98582,0.98496,0.98407,0.98314,0.98217,0.98115,0.9801,0.97901,0.97787,0.97669,0.97546,0.97419,0.97287,0.97151,0.97009,0.96863,0.96713,0.96557,0.96396,0.96231,0.9606,0.95885,0.95704,0.95519,0.95329,0.95134,0.94934,0.9473,0.94521,0.94307,0.9409,0.93868,0.93642,0.93413,0.9318,0.92944,0.92705,0.92464,0.92221,0.91976,0.9173,0.91484,0.91237,0.90991,0.90747,0.90505,0.90266,0.90031,0.89801,0.89577,0.89361,0.89153,0.88956,0.8877,0.88598,0.88441,0.88302,0.88182,0.88084,0.88011,0.87964,0.87948
0.82,0.99973,0.99966,0.99958,0.99949,0.9994,0.9993,0.99919,0.99907,0.99894,0.9988,0.99865,0.9985,0.99833,0.99814,0.99795,0.99774,0.99752,0.99728,0.99703,0.99677,0.99648,0.99618,0.99586,0.99552,0.99516,0.99478,0.99438,0.99395,0.9935,0.99303,0.99253,0.99201,0.99145,0.99087,0.99027,0.98963,0.98896,0.98826,0.98752,0.98675,0.98595,0.98511,0.98424,0.98333,0.98238,0.98139,0.98036,0.97929,0.97818,0.97702,0.97582,0.97458,0.97329,0.97196,0.97059,0.96916,0.96769,0.96617,0.96461,0.963,0.96134,0.95963,0.95788,0.95608,0.95423,0.95234,0.9504,0.94842,0.9464,0.94433,0.94223,0.94009,0.93791,0.9357,0.93345,0.93118,0.92889,0.92658,0.92425,0.92191,0.91956,0.91721,0.91487,0.91254,0.91024,0.90796,0.90572,0.90352,0.90139,0.89933,0.89735,0.89546,0.89369,0.89205,0.89055,0.88922,0.88808,0.88715,0.88644,0.886,0.88585
0.83,0.99976,0.99969,0.99961,0.99953,0.99944,0.99935,0.99925,0.99914,0.99902,0.99889,0.99875,0.9986,0.99844,0.99827,0.99809,0.9979,0.99769,0.99747,0.99724,0.99699,0.99672,0.99644,0.99614,0.99582,0.99549,0.99513,0.99475,0.99436,0.99394,0.99349,0.99303,0.99254,0.99202,0.99148,0.99091,0.99031,0.98968,0.98903,0.98834,0.98762,0.98687,0.98608,0.98526,0.9844,0.98351,0.98258,0.98161,0.98061,0.97956,0.97847,0.97735,0.97618,0.97497,0.97371,0.97241,0.97107,0.96968,0.96825,0.96677,0.96525,0.96369,0.96207,0.96042,0.95871,0.95697,0.95518,0.95334,0.95147,0.94955,0.94759,0.9456,0.94357,0.9415,0.9394,0.93727,0.93512,0.93294,0.93074,0.92853,0.9263,0.92407,0.92184,0.91961,0.9174,0.9152,0.91304,0.9109,0.90882,0.90678,0.90482,0.90293,0.90114,0.89945,0.89789,0.89646,0.89519,0.8941,0.89321,0.89254,0.89212,0.89197
0.84,0.99978,0.99971,0.99964,0.99957,0.99949,0.9994,0.9993,0.9992,0.99909,0.99897,0.99884,0.9987,0.99855,0.99839,0.99822,0.99804,0.99785,0.99764,0.99742,0.99719,0.99694,0.99668,0.9964,0.9961,0.99579,0.99545,0.9951,0.99473,0.99434,0.99393,0.99349,0.99303,0.99255,0.99204,0.99151,0.99095,0.99036,0.98974,0.9891,0.98842,0.98772,0.98698,0.98621,0.98541,0.98457,0.9837,0.98279,0.98184,0.98086,0.97984,0.97878,0.97768,0.97653,0.97535,0.97413,0.97286,0.97156,0.97021,0.96881,0.96738,0.9659,0.96438,0.96281,0.9612,0.95955,0.95786,0.95612,0.95435,0.95253,0.95068,0.94879,0.94687,0.94491,0.94292,0.9409,0.93886,0.93679,0.9347,0.9326,0.93049,0.92837,0.92625,0.92413,0.92203,0.91994,0.91788,0.91585,0.91386,0.91193,0.91006,0.90826,0.90656,0.90495,0.90346,0.9021,0.90089,0.89986,0.89901,0.89837,0.89797,0.89783
0.85,0.9998,0.99974,0.99967,0.9996,0.99953,0.99945,0.99936,0.99926,0.99916,0.99904,0.99892,0.9988,0.99866,0.99851,0.99835,0.99818,0.998,0.99781,0.9976,0.99739,0.99716,0.99691,0.99665,0.99637,0.99608,0.99577,0.99544,0.99509,0.99473,0.99434,0.99393,0.99351,0.99305,0.99258,0.99208,0.99156,0.99101,0.99043,0.98983,0.9892,0.98853,0.98784,0.98712,0.98637,0.98558,0.98476,0.98391,0.98302,0.98209,0.98113,0.98014,0.9791,0.97803,0.97691,0.97576,0.97457,0.97334,0.97206,0.97075,0.96939,0.968,0.96656,0.96508,0.96356,0.962,0.96039,0.95875,0.95707,0.95535,0.9536,0.95181,0.94998,0.94812,0.94624,0.94432,0.94238,0.94042,0.93844,0.93644,0.93443,0.93242,0.9304,0.92839,0.92638,0.9244,0.92243,0.9205,0.91861,0.91677,0.91499,0.91327,0.91165,0.91012,0.9087,0.9074,0.90625,0.90526,0.90445,0.90384,0.90346,0.90333
0.86,0.99982,0.99976,0.9997,0.99964,0.99957,0.99949,0.99941,0.99932,0.99922,0.99912,0.999,0.99888,0.99875,0.99862,0.99847,0.99831,0.99814,0.99796,0.99777,0.99757,0.99735,0.99712,0.99688,0.99662,0.99635,0.99606,0.99575,0.99543,0.99509,0.99473,0.99435,0.99395,0.99353,0.99308,0.99262,0.99213,0.99161,0.99107,0.99051,0.98992,0.9893,0.98865,0.98797,0.98726,0.98653,0.98576,0.98496,0.98412,0.98325,0.98235,0.98141,0.98044,0.97943,0.97838,0.97729,0.97617,0.97501,0.97381,0.97257,0.97129,0.96997,0.96862,0.96722,0.96578,0.9643,0.96279,0.96124,0.95965,0.95802,0.95636,0.95466,0.95293,0.95117,0.94938,0.94756,0.94572,0.94386,0.94198,0.94008,0.93817,0.93626,0.93434,0.93243,0.93052,0.92863,0.92677,0.92493,0.92313,0.92137,0.91968,0.91805,0.9165,0.91504,0.91369,0.91245,0.91136,0.91041,0.90964,0.90906,0.9087,0.90857
0.87,0.99984,0.99979,0.99973,0.99967,0.9996,0.99953,0.99945,0.99937,0.99928,0.99918,0.99908,0.99897,0.99885,0.99872,0.99858,0.99843,0.99827,0.99811,0.99793,0.99774,0.99754,0.99732,0.9971,0.99686,0.9966,0.99633,0.99604,0.99574,0.99542,0.99509,0.99473,0.99436,0.99396,0.99355,0.99311,0.99265,0.99217,0.99167,0.99114,0.99059,0.99001,0.9894,0.98876,0.9881,0.98741,0.98669,0.98594,0.98515,0.98434,0.98349,0.98261,0.98169,0.98074,0.97975,0.97873,0.97768,0.97658,0.97545,0.97428,0.97308,0.97183,0.97055,0.96923,0.96788,0.96648,0.96505,0.96358,0.96208,0.96054,0.95897,0.95736,0.95572,0.95405,0.95236,0.95064,0.94889,0.94712,0.94534,0.94354,0.94173,0.93991,0.93809,0.93627,0.93446,0.93266,0.93089,0.92914,0.92743,0.92576,0.92415,0.92259,0.92112,0.91973,0.91844,0.91727,0.91622,0.91533,0.91459,0.91404,0.91369,0.91357
0.88,0.99985,0.99981,0.99975,0.9997,0.99964,0.99957,0.9995,0.99942,0.99933,0.99924,0.99915,0.99904,0.99893,0.99881,0.99868,0.99854,0.9984,0.99824,0.99807,0.9979,0.99771,0.99751,0.9973,0.99707,0.99683,0.99658,0.99631,0.99603,0.99573,0.99542,0.99509,0.99474,0.99437,0.99398,0.99357,0.99315,0.9927,0.99222,0.99173,0.99121,0.99067,0.9901,0.9895,0.98888,0.98823,0.98756,0.98685,0.98611,0.98535,0.98455,0.98372,0.98286,0.98197,0.98104,0.98008,0.97909,0.97806,0.97699,0.97589,0.97475,0.97358,0.97237,0.97113,0.96985,0.96853,0.96718,0.96579,0.96437,0.96292,0.96143,0.95991,0.95836,0.95678,0.95517,0.95354,0.95189,0.95021,0.94852,0.94681,0.9451,0.94337,0.94164,0.93992,0.9382,0.93649,0.93481,0.93314,0.93152,0.92993,0.9284,0.92692,0.92552,0.9242,0.92298,0.92186,0.92087,0.92001,0.91931,0.91879,0.91846,0.91834
0.89,0.99987,0.99982,0.99978,0.99972,0.99967,0.9996,0.99954,0.99946,0.99938,0.9993,0.99921,0.99911,0.99901,0.99889,0.99877,0.99865,0.99851,0.99836,0.99821,0.99804,0.99787,0.99768,0.99748,0.99727,0.99705,0.99681,0.99656,0.9963,0.99602,0.99573,0.99542,0.99509,0.99475,0.99438,0.994,0.9936,0.99318,0.99274,0.99227,0.99179,0.99128,0.99075,0.99019,0.98961,0.989,0.98836,0.9877,0.98701,0.98629,0.98554,0.98477,0.98396,0.98312,0.98225,0.98134,0.9804,0.97944,0.97843,0.9774,0.97633,0.97522,0.97408,0.97291,0.9717,0.97046,0.96918,0.96787,0.96653,0.96515,0.96375,0.96231,0.96085,0.95935,0.95783,0.95629,0.95472,0.95314,0.95153,0.94992,0.94829,0.94665,0.94502,0.94338,0.94175,0.94013,0.93853,0.93695,0.93541,0.9339,0.93245,0.93105,0.92971,0.92846,0.9273,0.92623,0.92529,0.92448,0.92381,0.92332,0.923,0.92289
0.9,0.99988,0.99984,0.99979,0.99974,0.99969,0.99963,0.99957,0.9995,0.99943,0.99935,0.99927,0.99917,0.99908,0.99897,0.99886,0.99874,0.99861,0.99848,0.99833,0.99818,0.99801,0.99784,0.99765,0.99745,0.99725,0.99703,0.99679,0.99655,0.99629,0.99601,0.99572,0.99541,0.99509,0.99475,0.9944,0.99402,0.99363,0.99321,0.99278,0.99232,0.99185,0.99135,0.99082,0.99028,0.98971,0.98911,0.98849,0.98784,0.98717,0.98647,0.98573,0.98497,0.98419,0.98337,0.98252,0.98164,0.98072,0.97978,0.9788,0.9778,0.97675,0.97568,0.97457,0.97344,0.97226,0.97106,0.96982,0.96856,0.96726,0.96593,0.96458,0.96319,0.96178,0.96034,0.95888,0.9574,0.9559,0.95438,0.95285,0.95131,0.94976,0.94821,0.94666,0.94512,0.94358,0.94207,0.94057,0.93911,0.93768,0.9363,0.93497,0.93371,0.93252,0.93141,0.9304,0.92951,0.92874,0.92811,0.92763,0.92734,0.92723
0.91,0.99989,0.99985,0.99981,0.99976,0.99971,0.99966,0.9996,0.99954,0.99947,0.9994,0.99932,0.99923,0.99914,0.99904,0.99894,0.99883,0.99871,0.99858,0.99844,0.9983,0.99814,0.99798,0.99781,0.99762,0.99743,0.99722,0.997,0.99677,0.99653,0.99627,0.996,0.99571,0.99541,0.99509,0.99476,0.99441,0.99404,0.99365,0.99324,0.99282,0.99237,0.9919,0.99141,0.9909,0.99036,0.98981,0.98922,0.98861,0.98798,0.98732,0.98663,0.98592,0.98518,0.98441,0.98361,0.98278,0.98192,0.98103,0.98012,0.97917,0.97819,0.97717,0.97613,0.97506,0.97396,0.97282,0.97166,0.97046,0.96924,0.96798,0.9667,0.9654,0.96406,0.96271,0.96133,0.95993,0.95851,0.95708,0.95563,0.95417,0.95271,0.95124,0.94977,0.94831,0.94686,0.94542,0.94401,0.94262,0.94127,0.93996,0.9387,0.93751,0.93638,0.93533,0.93438,0.93353,0.9328,0.9322,0.93176,0.93147,0.93137
0.92,0.9999,0.99986,0.99982,0.99978,0.99973,0.99968,0.99963,0.99957,0.99951,0.99944,0.99936,0.99928,0.9992,0.99911,0.99901,0.9989,0.99879,0.99867,0.99855,0.99841,0.99827,0.99811,0.99795,0.99778,0.9976,0.9974,0.9972,0.99698,0.99676,0.99651,0.99626,0.99599,0.99571,0.99541,0.9951,0.99477,0.99442,0.99406,0.99368,0.99328,0.99286,0.99242,0.99196,0.99148,0.99097,0.99045,0.9899,0.98933,0.98874,0.98812,0.98747,0.9868,0.9861,0.98538,0.98463,0.98385,0.98304,0.98221,0.98134,0.98045,0.97953,0.97858,0.97759,0.97658,0.97554,0.97447,0.97338,0.97225,0.9711,0.96991,0.96871,0.96747,0.96622,0.96494,0.96363,0.96231,0.96097,0.95962,0.95825,0.95688,0.95549,0.95411,0.95272,0.95134,0.94997,0.94861,0.94727,0.94596,0.94468,0.94344,0.94225,0.94112,0.94005,0.93906,0.93816,0.93736,0.93667,0.9361,0.93568,0.93541,0.93532
0.93,0.99991,0.99988,0.99984,0.9998,0.99976,0.99971,0.99966,0.9996,0.99954,0.99948,0.99941,0.99934,0.99926,0.99917,0.99908,0.99898,0.99888,0.99877,0.99865,0.99852,0.99839,0.99824,0.99809,0.99793,0.99776,0.99758,0.99739,0.99719,0.99697,0.99675,0.99651,0.99626,0.99599,0.99571,0.99542,0.99511,0.99479,0.99445,0.99409,0.99371,0.99332,0.99291,0.99248,0.99203,0.99156,0.99107,0.99055,0.99002,0.98946,0.98888,0.98827,0.98764,0.98699,0.98631,0.9856,0.98487,0.98411,0.98333,0.98251,0.98167,0.9808,0.97991,0.97898,0.97803,0.97705,0.97605,0.97501,0.97395,0.97286,0.97175,0.97061,0.96945,0.96826,0.96705,0.96582,0.96458,0.96331,0.96203,0.96074,0.95944,0.95813,0.95682,0.95551,0.9542,0.95291,0.95162,0.95036,0.94912,0.94791,0.94673,0.94561,0.94454,0.94353,0.94259,0.94173,0.94097,0.94032,0.93978,0.93938,0.93913,0.93904
0.94,0.99992,0.99989,0.99985,0.99982,0.99978,0.99973,0.99969,0.99963,0.99958,0.99952,0.99945,0.99939,0.99931,0.99923,0.99915,0.99906,0.99896,0.99885,0.99874,0.99862,0.9985,0.99836,0.99822,0.99807,0.99791,0.99774,0.99756,0.99737,0.99717,0.99696,0.99674,0.99651,0.99626,0.996,0.99572,0.99543,0.99513,0.99481,0.99448,0.99412,0.99376,0.99337,0.99297,0.99254,0.9921,0.99164,0.99116,0.99066,0.99013,0.98959,0.98902,0.98843,0.98781,0.98717,0.98651,0.98582,0.98511,0.98437,0.98361,0.98282,0.982,0.98116,0.98029,0.97939,0.97847,0.97752,0.97655,0.97555,0.97452,0.97347,0.9724,0.9713,0.97019,0.96905,0.96789,0.96671,0.96552,0.96431,0.96309,0.96186,0.96063,0.95939,0.95815,0.95692,0.95569,0.95448,0.95328,0.95211,0.95096,0.94985,0.94879,0.94778,0.94682,0.94593,0.94512,0.9444,0.94379,0.94328,0.9429,0.94266,0.94257
0.95,0.99993,0.9999,0.99987,0.99983,0.9998,0.99975,0.99971,0.99966,0.99961,0.99956,0.9995,0.99943,0.99936,0.99929,0.99921,0.99912,0.99903,0.99893,0.99883,0.99872,0.9986,0.99848,0.99834,0.9982,0.99805,0.9979,0.99773,0.99755,0.99736,0.99717,0.99696,0.99674,0.9965,0.99626,0.996,0.99573,0.99545,0.99515,0.99484,0.99451,0.99416,0.9938,0.99342,0.99303,0.99261,0.99218,0.99173,0.99126,0.99076,0.99025,0.98972,0.98916,0.98859,0.98799,0.98736,0.98672,0.98605,0.98535,0.98463,0.98389,0.98312,0.98233,0.98151,0.98067,0.9798,0.97891,0.97799,0.97705,0.97609,0.9751,0.97409,0.97305,0.972,0.97092,0.96983,0.96872,0.9676,0.96646,0.96531,0.96415,0.96298,0.96181,0.96064,0.95948,0.95832,0.95717,0.95604,0.95494,0.95386,0.95281,0.9518,0.95084,0.94994,0.9491,0.94834,0.94766,0.94707,0.94659,0.94623,0.94601,0.94593
0.96,0.99993,0.99991,0.99988,0.99985,0.99981,0.99977,0.99973,0.99969,0.99964,0.99959,0.99953,0.99947,0.99941,0.99934,0.99927,0.99919,0.9991,0.99901,0.99891,0.99881,0.9987,0.99858,0.99846,0.99833,0.99819,0.99804,0.99788,0.99772,0.99754,0.99735,0.99716,0.99695,0.99674,0.99651,0.99627,0.99601,0.99575,0.99547,0.99517,0.99486,0.99454,0.9942,0.99385,0.99347,0.99309,0.99268,0.99226,0.99181,0.99135,0.99087,0.99037,0.98985,0.98931,0.98874,0.98816,0.98755,0.98692,0.98627,0.9856,0.9849,0.98418,0.98343,0.98266,0.98187,0.98105,0.98021,0.97935,0.97846,0.97755,0.97662,0.97567,0.9747,0.9737,0.97269,0.97166,0.97062,0.96956,0.96848,0.9674,0.9663,0.9652,0.9641,0.963,0.9619,0.96081,0.95972,0.95866,0.95761,0.95659,0.9556,0.95465,0.95375,0.95289,0.9521,0.95138,0.95074,0.95018,0.94973,0.94939,0.94918,0.9491
0.97,0.99994,0.99992,0.99989,0.99986,0.99983,0.99979,0.99975,0.99971,0.99967,0.99962,0.99957,0.99951,0.99945,0.99939,0.99932,0.99924,0.99916,0.99908,0.99899,0.99889,0.99879,0.99868,0.99856,0.99844,0.99831,0.99817,0.99802,0.99787,0.9977,0.99753,0.99735,0.99715,0.99695,0.99674,0.99651,0.99627,0.99602,0.99576,0.99548,0.99519,0.99489,0.99457,0.99424,0.99389,0.99353,0.99315,0.99275,0.99233,0.9919,0.99145,0.99098,0.99049,0.98998,0.98945,0.9889,0.98833,0.98774,0.98713,0.98649,0.98584,0.98516,0.98446,0.98374,0.98299,0.98222,0.98143,0.98062,0.97979,0.97893,0.97805,0.97716,0.97624,0.97531,0.97435,0.97338,0.9724,0.9714,0.97039,0.96936,0.96833,0.9673,0.96626,0.96522,0.96418,0.96315,0.96213,0.96112,0.96013,0.95917,0.95824,0.95734,0.95649,0.95568,0.95494,0.95425,0.95365,0.95313,0.9527,0.95238,0.95218,0.95211
0.98,0.99995,0.99992,0.9999,0.99987,0.99984,0.99981,0.99977,0.99973,0.99969,0.99965,0.9996,0.99955,0.99949,0.99943,0.99937,0.9993,0.99922,0.99914,0.99906,0.99897,0.99887,0.99877,0.99866,0.99855,0.99842,0.99829,0.99816,0.99801,0.99786,0.99769,0.99752,0.99734,0.99715,0.99695,0.99674,0.99651,0.99628,0.99603,0.99577,0.9955,0.99522,0.99492,0.99461,0.99428,0.99394,0.99358,0.99321,0.99282,0.99241,0.99199,0.99155,0.99109,0.99061,0.99011,0.9896,0.98906,0.98851,0.98793,0.98733,0.98672,0.98608,0.98542,0.98474,0.98404,0.98332,0.98257,0.98181,0.98102,0.98022,0.9794,0.97855,0.97769,0.97681,0.97591,0.975,0.97407,0.97313,0.97217,0.97121,0.97024,0.96926,0.96828,0.9673,0.96633,0.96536,0.96439,0.96344,0.96251,0.96161,0.96073,0.95988,0.95908,0.95832,0.95761,0.95697,0.9564,0.9559,0.9555,0.9552,0.95501,0.95494
0.99,0.99995,0.99993,0.99991,0.99988,0.99985,0.99982,0.99979,0.99975,0.99971,0.99967,0.99963,0.99958,0.99953,0.99947,0.99941,0.99934,0.99928,0.9992,0.99912,0.99904,0.99895,0.99885,0.99875,0.99864,0.99853,0.99841,0.99828,0.99814,0.998,0.99784,0.99768,0.99751,0.99733,0.99715,0.99695,0.99674,0.99652,0.99629,0.99604,0.99579,0.99552,0.99524,0.99495,0.99464,0.99432,0.99399,0.99364,0.99327,0.99289,0.99249,0.99208,0.99164,0.9912,0.99073,0.99024,0.98974,0.98922,0.98868,0.98812,0.98754,0.98694,0.98632,0.98568,0.98502,0.98434,0.98364,0.98292,0.98218,0.98143,0.98065,0.97986,0.97904,0.97821,0.97737,0.97651,0.97564,0.97475,0.97385,0.97295,0.97203,0.97111,0.97019,0.96927,0.96834,0.96743,0.96652,0.96563,0.96475,0.9639,0.96307,0.96227,0.96151,0.9608,0.96013,0.95953,0.95899,0.95852,0.95814,0.95786,0.95768,0.95762
1,0.99995,0.99993,0.99991,0.99989,0.99986,0.99983,0.9998,0.99977,0.99973,0.99969,0.99965,0.99961,0.99956,0.99951,0.99945,0.99939,0.99932,0.99925,0.99918,0.9991,0.99902,0.99893,0.99883,0.99873,0.99862,0.99851,0.99839,0.99826,0.99813,0.99798,0.99783,0.99767,0.99751,0.99733,0.99714,0.99695,0.99674,0.99652,0.9963,0.99606,0.99581,0.99554,0.99527,0.99498,0.99468,0.99436,0.99404,0.99369,0.99333,0.99296,0.99257,0.99216,0.99174,0.9913,0.99085,0.99038,0.98988,0.98938,0.98885,0.9883,0.98774,0.98716,0.98656,0.98594,0.9853,0.98464,0.98396,0.98327,0.98256,0.98183,0.98108,0.98031,0.97953,0.97874,0.97793,0.97711,0.97627,0.97543,0.97458,0.97371,0.97285,0.97198,0.97111,0.97024,0.96938,0.96853,0.96769,0.96686,0.96606,0.96527,0.96452,0.96381,0.96314,0.96251,0.96194,0.96143,0.96099,0.96064,0.96037,0.9602,0.96014
